countryiso3code,PC1,PC2,PC3,PC4,PC5,PC6,PC7,PC8,PC9,PC10,PC11,PC12,PC13,PC14,country,region,income
AFG,-3.5314334172387727,-2.0129974367406063,3.0873678408978984,2.1507134537147428,0.6617326692402509,-5.55545246093272,0.5942974689194109,0.2978236882039591,0.7098842949354307,1.4095908837066573,-1.1300175217189108,-0.45956196982850445,0.05560401386246464,-0.09112320117652199,Afghanistan,"Middle East, North Africa, Afghanistan & Pakistan",Low income
AGO,-2.449596953597114,0.35599892278561024,-1.1828687295497387,1.5948967531340377,1.1735206316461884,0.058268907948588015,-1.111810915680334,0.31472486592016274,0.14581931057520958,-0.41834285285117623,-0.2741664475459311,0.7448533652520835,-0.21998987562468847,0.4085731890967342,Angola,Sub-Saharan Africa ,Lower middle income
ALB,-0.15840186091781025,0.012068155820682108,0.1432090841917499,0.39129333710632563,0.8226653690550229,0.06653175944223876,0.4294513172957368,-0.2487979922151279,1.36658311926573,0.5496138198255256,-0.21775556211984548,0.20000761167702974,-0.2854339336688366,-0.06933850556494321,Albania,Europe & Central Asia,Upper middle income
ARE,3.7350791435781754,1.8196393634112493,1.3895375671445402,0.36231157260402475,-0.9907847838678282,0.037204289062179055,-0.6076057754762226,0.19228043870988826,-0.007761081131500249,0.12235823525465739,-0.19682720857820737,-0.2790834044153965,0.060435804876035004,0.21259188567277154,United Arab Emirates,"Middle East, North Africa, Afghanistan & Pakistan",High income
ARG,0.12083126834445639,1.082769846525305,-4.170238059414296,-1.0795989198267626,0.6188082944058343,2.3468920653943797,-0.2518927795845467,0.12400032122797319,0.10651083771026347,-0.24746190988635935,-0.03558412491994739,0.09897237742210972,0.026003318415443864,0.035430108219230066,Argentina,Latin America & Caribbean ,Upper middle income
ARM,0.761727339912397,-0.7758164405798884,0.9356674363538322,0.6067235669041366,1.0186448092559464,-0.07715329691581123,0.09578340919231794,0.050604715382287356,0.5369911008838057,0.21908535745880273,-0.026672823413918446,-0.09814424504807341,-0.5802143877307439,0.09383237003765606,Armenia,Europe & Central Asia,Upper middle income
ATG,0.9990352846036834,-0.9845788460344497,0.5984370923028977,-0.0007906594307259225,-0.4898148237731091,-0.04277809701065556,0.7811082591027229,-1.7907923284785117,-0.5498509726457618,-0.15426382625201268,0.008251067276340188,-0.019253153292238933,-0.03483437798964851,0.002512195086397505,Antigua and Barbuda,Latin America & Caribbean ,High income
AUS,2.528542518057565,1.1451789567559412,-1.2218464892411374,-1.2626207000817498,0.33741320797783614,-0.8740781292727278,-0.05370614638148383,-0.1290497268394551,-0.09330499797763694,0.2480221695568783,-0.2894832057964309,0.1970125417598459,0.011142123251845949,0.3325725804338122,Australia,East Asia & Pacific,High income
AUT,2.5902331726344623,0.3148825367693652,-0.2647242683647839,0.08087345481195099,-0.40723652805425636,0.19065348528321027,0.5508756349207924,-0.5215012593198942,0.07573881233302003,-0.2312921143103124,-0.04389069660901893,0.1100992300072329,0.227916933207908,-0.009984258830685587,Austria,Europe & Central Asia,High income
AZE,0.07020232105251174,1.7454879811311383,-0.27646934851865873,1.092084421052419,0.12060807643111306,0.2162399014443426,-0.8067280971006722,-0.522226184729595,0.3585194557133771,0.3636990284575072,0.2849767211288673,0.023281295138533022,-0.15811498336899565,-0.4286644619531433,Azerbaijan,Europe & Central Asia,Upper middle income
BDI,-4.966560965388536,-0.3451125234542243,-0.2891269204059102,-1.093955373630385,-1.6653164298894743,0.6353817218545738,-0.9820314131743814,-0.1773194283977209,-0.18140814481546935,-0.266037260565034,-0.5155007749158161,-0.28626021684861896,-0.3814317478463703,-0.08598045833045198,Burundi,Sub-Saharan Africa ,Low income
BEL,3.510423042405499,-0.6180605010221178,0.25170551621664516,0.1430487755216554,-0.3852875365726572,0.08105471696060258,0.33054252806920925,0.2551962242291976,-0.0013495982194324761,-0.28291275245222725,-0.25285718254432576,-0.0005068632646345138,0.08108655082147205,0.08179358261152629,Belgium,Europe & Central Asia,High income
BEN,-3.31336755190651,0.12321182820310105,1.040449432279904,-1.4930985785668416,-0.5009358418211782,-0.6603865990666941,0.32862600971678574,1.1527586789337472,-0.43119855870624524,-0.4234729543790594,-0.19742659812972876,0.6055509591160904,0.14608722126656842,-0.32435190637729605,Benin,Sub-Saharan Africa ,Lower middle income
BFA,-3.5505769262038647,-0.36437665916365475,1.0633512621794807,0.5416209071586656,-0.5633998577918421,-1.0846963581198665,-0.4386675961844372,-0.12703797133637215,-0.42252262230523524,-0.18326219847776057,0.02700382662884912,0.11051296959124865,-0.10749006390461728,-0.11293476307160775,Burkina Faso,Sub-Saharan Africa ,Low income
BGD,-2.4210099657009314,1.030770906584925,-0.01686336067879046,-1.2643525941750067,0.1806803398824712,-0.3052271138851317,0.4638926090904452,-0.9118730939684615,0.20563695937339552,-0.8196414740835074,0.10911949882819712,-0.6591538621514459,-0.20662362762368863,0.06377503590084671,Bangladesh,South Asia,Lower middle income
BGR,1.4900292873516063,-0.27625104340908996,-0.24553889428875422,0.2515710421429958,-0.5411870851065624,0.3096137726832728,-0.41826063659741997,0.12350161012412371,-0.3572565730244377,0.005767344143973919,-0.1179970510891105,-0.05538792837355168,-0.23977729698285857,-0.09007568153098719,Bulgaria,Europe & Central Asia,High income
BHR,3.7264606900090866,2.3247008659041075,1.290537311332431,-0.2159309868046872,-1.2316232367833888,-0.6802231292102938,-0.7006893439682572,0.9546462445020794,-0.3566984845387865,0.07442869505387345,-0.38117282630539123,-0.43828595531474507,0.07038372078919405,-0.29217072469318534,Bahrain,"Middle East, North Africa, Afghanistan & Pakistan",High income
BHS,2.3106003218129363,-1.7527017510990393,-0.7946422333105964,-0.49587105949093907,0.6177230825282539,-0.857799416493058,0.566788185337829,0.16563689539225845,-0.8023788755028212,-0.38142567123438775,0.16886682700221145,0.2832781457053885,0.4376724300710448,-0.5171852075161931,"Bahamas, The",Latin America & Caribbean ,High income
BIH,0.8341927708583492,0.09219787134825631,0.25850146567807486,0.48593389195734743,0.4185274546744183,0.3013352522527876,0.9396525772510436,-0.5332587912672051,-0.09834693894499791,0.5159598352754471,-0.37211316063386984,-0.24887907849295365,-0.34769164875868047,-0.1298011588959818,Bosnia and Herzegovina,Europe & Central Asia,Upper middle income
BLR,1.0284355021362805,0.9106070311380231,0.7447722295925242,0.3308952724309837,-0.39337671417336306,0.3931050262569595,-0.4276689529496585,0.8042760213415974,0.25251371288445273,0.5441040637432086,0.08846070837990794,0.12344994086410027,-0.21406566401628055,-0.1625328874886515,Belarus,Europe & Central Asia,Upper middle income
BLZ,-0.27166639053011243,-1.5884006102318986,0.12433500039880388,0.6489457291615887,-0.18709547816641772,-0.1708210931077229,0.3198334691358937,-0.6786089131704789,0.33989547285615973,0.0560010592883677,0.11324750290566932,0.44885347881779764,-0.2324697981762536,-0.26016664500009706,Belize,Latin America & Caribbean ,Upper middle income
BMU,3.642464252730703,-2.753697279521947,-2.056096211526392,-1.3272227965265,0.4065384119533636,-1.3806053361053798,-0.7714861965220544,-0.11047649739566075,-0.33384256427405723,-0.6306446297780369,-0.14273622978611544,0.7514329032579607,-0.0279441289963124,-0.25812910737012973,Bermuda,North America,High income
BOL,-0.8360490101996961,0.5185769095892542,-0.4293049783926695,-0.16297816205041674,-0.10299058738776636,-1.0544586231848958,-0.6547709812268253,0.6534736507860309,-0.033551232470807456,0.2847019075782918,0.6515094418192378,-0.04969186511045965,0.028927046213418333,-0.24477714112075316,Bolivia,Latin America & Caribbean ,Lower middle income
BRA,0.26115063198509286,-0.04180377477350733,-1.7521873459445798,-0.31558293549624983,1.210680235163699,-1.2123502882624297,-0.4805631940565039,0.3622663034262347,0.40353622699990993,0.06304118798896025,0.12909804757489596,0.10765431539393792,-0.009973458356139872,-0.22171103270016285,Brazil,Latin America & Caribbean ,Upper middle income
BRB,1.4875007777329705,-1.7691168951648988,0.1736873649691853,-0.24307622006923724,-0.15790996677703922,-0.4826074883334119,0.5584163888145148,-0.42090853164965053,-0.4670229309273428,-0.6156552210261298,-0.11816213744285542,0.19589238652361385,0.10270450583434391,-0.03633877229220017,Barbados,Latin America & Caribbean ,High income
BRN,2.4490472971277657,3.1688428795025736,1.2958821001333354,1.4032652608497846,0.006887345019396505,-0.3635548373144589,0.01448946075250511,0.04536982502221312,-0.5043912224608288,0.3648458840766127,-0.15019879612787865,0.06669497132518212,0.35009533082528327,-0.11386612292984058,Brunei Darussalam,East Asia & Pacific,High income
BTN,-0.6921038909393932,1.127052589980832,1.6773069034020842,-1.2227933194804725,-0.261141133826124,0.40824324128965583,2.027657768454839,0.2724820889343396,0.3139804083515778,0.1496328864370277,0.7970768607699099,-0.09661731840106334,-0.06197486153217108,-0.22870142639533336,Bhutan,South Asia,Lower middle income
BWA,0.43724158917657835,0.3598205316464452,-0.0447713842900454,0.9768395322834251,1.8151411981481846,-0.07171908522616117,1.1126387158403588,0.03236498115203965,-0.876452069037423,-0.6987301660673363,0.44930842336579546,-0.19064604984302985,0.23655915918827927,-0.26898476448659253,Botswana,Sub-Saharan Africa ,Upper middle income
CAF,-4.596053036072999,-0.33541081173408877,0.28971150632297454,0.6036162120477113,0.09239114600787947,-0.7314188362905757,0.15747286945828395,0.8485319165390024,-0.435817063314517,-0.19395907666421447,-0.5134600712352717,0.08120814928211449,0.2058140816239617,-0.14040184428473984,Central African Republic,Sub-Saharan Africa ,Low income
CAN,2.491572344334445,1.2039546273918116,-0.7660872342736006,-0.2878467350105909,0.32487690215671133,-0.7243314752661573,0.14870295500911404,-0.17936319863672978,-0.1791965453687289,0.2864163983390282,-0.39143543793947727,-0.0015033496410310442,0.1504711884770298,0.21005801352358014,Canada,North America,High income
CHE,3.50256598852618,-0.25596182186184624,0.11634305575050402,-0.17792168673420483,-0.5160123808948036,-0.5749204309971144,0.3281726524527174,-0.08106401887432843,0.4274725303369155,-0.860012453563956,0.2750537033113001,0.17168644814901146,0.3285175875784579,0.13468967722546205,Switzerland,Europe & Central Asia,High income
CHL,1.4969296527421785,0.6290757856129393,-1.2057422282324224,0.09033826461293788,0.8609680346258536,-0.29344779573458973,0.3192938344132028,0.25925575976918847,0.6030509798157362,-0.18448782818874168,0.005389685334960051,-0.15005909464184816,-0.10511869113192619,-0.12257035183379358,Chile,Latin America & Caribbean ,High income
CHN,0.7126246841928984,2.20316323401448,0.4878369274754682,-1.5224597632774097,0.9557162287364958,-1.4003563376358452,1.5924716098066538,0.10857762979307996,-0.21108251684597004,0.09474696059849583,0.10531828194680384,0.051787228182447805,-0.3205950349252218,0.008802329450779557,China,East Asia & Pacific,Upper middle income
CIV,-2.5851339629112586,-0.007553058276330813,0.4194655984120394,-0.7916223939438273,-0.2759440055084738,-0.6317425918973941,-0.5722065753740317,0.577599007557589,-0.49305864621561385,-0.40927604773813203,0.27295807026593777,0.41101942481042103,0.2384047555640177,-0.0013499542686684057,Cote d'Ivoire,Sub-Saharan Africa ,Lower middle income
CMR,-2.8877823414617176,-0.05617509792295271,-0.5536073609662046,-0.2736976683969094,0.01566931636667914,-0.6120709633607523,-0.6446179447298029,0.40642281653120116,-0.19138825652527391,-0.30948728457477853,0.27339814966211023,0.13205448618195362,0.05708414815782892,-0.03944033628902671,Cameroon,Sub-Saharan Africa ,Lower middle income
COD,-3.1449066986796983,0.5816778733093003,1.876433496073382,0.25478608033091904,0.10523551975356257,0.5069626449381631,-0.04065208222027518,0.5083979320208493,-0.6228082959321587,-1.6077199953151604,0.06966126439303831,-0.3997297154236691,-0.2109542616310572,-0.030984556070082856,"Congo, Dem. Rep.",Sub-Saharan Africa ,Low income
COG,-1.603898238817852,0.9503173685120706,0.6848442327745609,2.2153544618717547,1.2862722188826339,0.1386969519820804,0.054878162980998485,0.40495891335486367,-0.18983209658217132,-0.8704620635988858,-0.276486067184635,0.1646059228678553,-0.3630294285718122,0.011664628845552232,"Congo, Rep.",Sub-Saharan Africa ,Lower middle income
COL,-0.1805841963315589,-0.017587399451194568,-1.8670009730218569,0.06628250442181065,0.9613961622673168,-0.3612023696821556,-0.14923778014231726,0.05784395370831702,0.7266224525271382,0.022125778866000034,0.028930950223716858,-0.14774610104369726,-0.1179030711748879,0.14075660902018405,Colombia,Latin America & Caribbean ,Upper middle income
COM,-3.515008154665673,-1.6186904435045715,-0.6929392114568094,-0.49007120405423693,-0.4674643724596955,-0.441035331223107,-0.46756886071081416,-0.23176757809671786,0.2530795172828517,0.9730001622059018,-0.6029663601163268,0.020419192722511855,0.27844747625014943,0.28132231024031046,Comoros,Sub-Saharan Africa ,Lower middle income
CPV,0.6029695013482637,-2.006320214049911,-0.12202954031367572,0.1492687265312683,0.7950441044652811,-0.2574932681347941,0.42618757998024365,0.5302341973886118,0.29244975641813803,-0.14733678314899495,-0.13832042712904766,-0.2864300496820928,-0.23991148904539256,-0.267679154363932,Cabo Verde,Sub-Saharan Africa ,Upper middle income
CRI,1.3767286682252777,-1.0152383539297873,-0.4817448124309321,0.10009939272596056,0.8366261037942467,-1.4468393939382853,-0.4614417307848684,-0.12564395849293072,0.7840841596992696,-0.2008764202741735,0.23856037792521348,-0.06922268226286811,-0.17167761375917467,-0.048883923139894786,Costa Rica,Latin America & Caribbean ,High income
CUB,1.3798850356523709,-0.7349872992143873,-0.303913450593189,-0.2226223793689266,-1.7169839140723062,-0.028529230739172896,-0.2641188508597769,0.40128341177935817,-0.05130218724208235,-0.9831750494178034,0.4510133714986031,-0.9108678534813055,0.06629798172673924,0.24908650770928614,Cuba,Latin America & Caribbean ,Upper middle income
CYP,3.1142474719589615,-1.9169346951638597,0.5761699674625133,0.07473568148381227,-0.5873930442317578,0.10743639762518904,0.23660598092999835,-0.39144576283878424,-0.08309968992578465,0.045307265919606085,-0.20550166948446563,0.09637637246266773,-0.1385218117022179,-0.06268511203849916,Cyprus,Europe & Central Asia,High income
CZE,2.1243478682628227,0.8114137890388067,0.16845094384282586,-0.21659097050842174,-1.101816587921754,0.5873587555078336,0.17917479050065935,0.015624301581741877,-0.11954368699894904,-0.2731767942030494,-0.12475398997330195,-0.03950288189982519,-0.1253211822668697,0.08594158547400894,Czechia,Europe & Central Asia,High income
DEU,2.5209162411873516,0.5625552814440082,-0.8800260119921884,-0.378492707246048,-0.6035604876606456,-0.5369347285092133,-0.12300065838388112,-0.15104843972691595,-0.07251704065524496,-0.2853414146866303,-0.029445995205734012,0.015294313882527482,0.2997858952662652,-0.059280354141842795,Germany,Europe & Central Asia,High income
DJI,1.1226369246846017,-4.087459731034583,0.6501346408220634,3.3287156398528395,0.6413870036147623,-0.04219806061670992,-2.1341488948464113,0.2338084873021532,-0.5413967805156127,0.08068916104050183,0.5058133296615562,-0.07676479851333162,-0.45656114947923954,0.17647856356624084,Djibouti,"Middle East, North Africa, Afghanistan & Pakistan",Lower middle income
DMA,-0.09358830153485366,-1.2119317122069355,-0.3290365093264386,0.013660459690093519,0.5033829756153249,-0.17051101630601595,0.0768565207819208,0.618114130627404,0.48328496338343224,0.38824033924333157,0.10994983779214663,0.736755632071197,0.18669383823501529,-0.22472176893242057,Dominica,Latin America & Caribbean ,Upper middle income
DNK,3.0681788673797956,-0.07708312607062225,-0.11212367133948982,0.19583260133838654,-0.24394681232277135,-0.2939773534444836,0.10041058367216749,0.1720693411321217,0.4288433611676468,-0.42544949262501686,0.029241854715926864,0.26547508618798576,0.39348233609559996,-0.1266727607820277,Denmark,Europe & Central Asia,High income
DOM,0.3605654198768837,0.6463023618563292,-0.5415868085343843,-0.4679041358408795,0.5163241299746145,-0.612415179108353,0.555754544092339,0.28571857418263996,-0.13247078639797555,-0.2042784005996556,0.5061335271508768,-0.16287662796808702,0.19683240842408942,-0.1408140911240078,Dominican Republic,Latin America & Caribbean ,Upper middle income
DZA,-0.4586010834094291,1.9523808734784323,-0.21982261419856194,-0.38243233079690353,1.6380495204938526,0.21316150558847793,1.3297725125077184,0.5021325431116104,0.38502237122109756,-0.26565986795842134,-0.28912325618765405,0.13201409570415412,-0.5475735427128785,0.04979367396694991,Algeria,"Middle East, North Africa, Afghanistan & Pakistan",Upper middle income
ECU,-0.014458402147789687,0.30766575532038337,-0.33630439296591796,-0.37017188216726465,-0.1955814183758242,-1.1258066792910135,-0.21799078262959476,-0.13821429803397198,0.43551325306815647,0.030051080244858995,0.13236895722020164,-0.1329493434054621,-0.32256759705980453,0.07381587836070484,Ecuador,Latin America & Caribbean ,Upper middle income
EGY,-1.3866519460030968,0.6165987063584739,-1.5681634050318205,-0.12338292940155171,0.5852451505834247,0.8661134302671805,-0.5365062507504099,-1.061122038616295,-0.14073262303236064,0.3238366982861472,0.48836514075461385,-0.06235275258777524,-0.22746733079453169,0.11053070865458921,"Egypt, Arab Rep.","Middle East, North Africa, Afghanistan & Pakistan",Lower middle income
ESP,2.279140887385889,-0.5321955172294536,-0.9519052836945682,-0.022348213806561244,1.0544764454032998,-0.7535758822158176,0.4813026092453036,-0.3372273929698223,0.48879886584867444,-0.04029163969889582,-0.11797955278009326,0.0095631463249448,-0.23014426225975881,0.04918355759625074,Spain,Europe & Central Asia,High income
EST,2.50625325725513,-0.27447311921456197,-0.10343425860397029,0.6218592953372539,-0.6742668129963312,0.5973282682830027,0.6922356116586544,-0.07344215643952338,-0.3110325313360351,0.08946218363463683,-0.16929150572909143,0.09188725712222542,-0.2052240399974214,-0.05733460463576519,Estonia,Europe & Central Asia,High income
ETH,-4.849678525163247,0.5562585352474618,-0.9275586604968319,-1.224478562126717,0.20797627092767157,0.5496934716675739,-0.41782377429233214,-0.8332864870015705,0.27397604267518005,-0.09515506776361243,-0.5236050620323683,-0.20513444803671946,0.14190618999465793,0.14371742564951237,Ethiopia,Sub-Saharan Africa ,Not classified
FIN,2.205335451131985,0.15258533444089012,-0.8017141171522016,0.09799418538922837,0.11141114432786547,-0.2601821533314217,0.49172263697768326,-0.4041155777666095,0.2736153946408897,0.009289528813715774,-0.17872589146118856,0.25469455150309317,0.21417739080876164,0.08124104655513424,Finland,Europe & Central Asia,High income
FJI,-0.8171355420749372,-0.6369182450737277,0.625971341600989,-0.5839107014393208,0.6065010856479337,-0.3359401011669216,-0.0879175705843063,0.3998593788333951,-0.09802166732962772,0.44515930191451714,0.3118143195842899,0.5224701621277124,0.24919582590064998,-0.18156052453585805,Fiji,East Asia & Pacific,Upper middle income
FRA,2.250963000071844,-0.5793280269519395,-0.9732091465493473,-0.4607920372816852,0.40750391541214376,-0.6820976765091412,0.4878096421771605,-0.323063610746549,0.18827130319418098,-0.4140377561531007,-0.2083196185849895,-0.024121736639580147,0.16681370191253717,0.054244531376070805,France,Europe & Central Asia,High income
FRO,0.2839861921749029,-0.48905375337568036,0.8418987444359707,-0.0532308292959503,0.3729496688823973,0.5556603684088526,1.3825302484912907,-1.185072436406784,2.16330441383088,-0.37259058256639654,0.13075389959480277,1.200813663588526,0.470727874802823,0.27526468086136147,Faroe Islands,Europe & Central Asia,High income
FSM,-2.28948726067561,-3.136225283485436,0.2564745296219584,-0.341431487838864,-1.1432172598570762,0.15067964079863655,0.7452365132321712,-0.4576482650256856,-0.006284913404268036,0.2461061839954882,0.017207723398442513,0.3720058319054911,0.1207471601643663,0.39584986647829806,"Micronesia, Fed. Sts.",East Asia & Pacific,Lower middle income
GAB,-0.2065383227015078,1.6407203086964341,-0.18773879536147095,2.392673674392727,1.7923337644036952,-0.2667090776658606,-0.9218628374234032,0.7282183119301059,0.26967195246048126,-0.6698516358983807,0.016072062994431785,0.6480481724318701,-0.11888039635494588,-0.043198785660801244,Gabon,Sub-Saharan Africa ,Upper middle income
GBR,2.5282498390774792,-0.5652548373218317,-1.5156817619293632,-0.7295790353992601,-0.19787945811981952,-0.7683724408710475,-0.1234050490533583,-0.25464805844517263,-0.067157676180533,-0.3281892053701022,0.16373684610780165,-0.03768021909237403,0.4055058825058747,-0.18014219769768128,United Kingdom,Europe & Central Asia,High income
GEO,0.7318056089866323,-0.8495146021278733,0.7740614830881334,0.2626619684391142,0.9533551452751892,-0.08547758717443532,0.42173014905183015,-0.007776597540718014,-0.09127487597585601,0.4001797800690499,-0.048191869292019594,-0.005087526177257507,-0.3130515063648055,-0.09146612268332596,Georgia,Europe & Central Asia,Upper middle income
GHA,-2.185843784162123,0.2708587301913616,-1.2696912400543985,0.25894250508128985,-0.5043774104800393,1.307777815640173,-1.8132302331458394,0.11530301538355466,0.3803537337651326,0.4426949374569843,0.7299081752042813,0.41163996188671337,-0.04066121873986863,-0.16775626521799425,Ghana,Sub-Saharan Africa ,Lower middle income
GIN,-3.3839314556472875,-0.07533213624546901,1.2756115700789339,0.8104464262965028,-0.1893177699846098,0.657934981322564,-0.47691987093145377,0.3084126983363627,-0.0022150834666911545,0.01303860067965879,-0.2534105744900241,0.5629393503060575,0.023454173666298296,-0.052637250026402356,Guinea,Sub-Saharan Africa ,Lower middle income
GMB,-3.012181436884985,-0.759959428490252,-0.7355979234253178,-0.970503167598864,0.8179837443950219,0.395948453759938,0.5577512372766439,1.0854680689172445,0.033036949124388135,-0.05916888050235966,0.1589195039357717,-0.6604936242530264,0.22878931112770032,0.09969323950584971,"Gambia, The",Sub-Saharan Africa ,Low income
GNB,-3.9874234148364134,-0.36058842937818963,0.21302302589928265,-1.005856794132172,-0.2590300033761059,-0.25042219874271693,-0.16318503723705846,0.6797506641419409,0.286781954508391,0.15086566464843998,-0.5110875078796606,0.18547451340895516,0.17387274789859858,-0.15490507010457694,Guinea-Bissau,Sub-Saharan Africa ,Low income
GNQ,-0.6155991580466197,0.903631029510383,-1.1905824578877948,2.1992599930658736,0.16551273228850938,-1.2358062393339175,-1.1654104952938926,0.09428958429323508,-0.8429104747055409,-0.3440547053204837,0.5542485733422018,0.20197217332997855,0.18507363992945602,-0.08125670116855506,Equatorial Guinea,Sub-Saharan Africa ,Upper middle income
GRC,1.9982017839814405,-1.2687624601265683,-0.7989208283302691,0.32006432536079077,0.5919791667146636,-0.6129314750524978,0.051758204883320384,-0.14843310188753622,0.3698237514557601,0.34803429054866253,-0.44886711547440955,0.05144282764101074,-0.2253686669914219,0.2232778767263337,Greece,Europe & Central Asia,High income
GRD,0.3421012532100917,-1.5427583380626448,0.6481352050010739,0.208286781913581,0.10551394034463639,-0.3164164836033588,0.5159389503410567,-1.087279415590601,-0.09575791692267017,-0.15970956628919183,-0.02397506331380426,0.011763063673233272,0.15724074698545268,-0.29783162771840654,Grenada,Latin America & Caribbean ,Upper middle income
GRL,1.377995885191828,0.4156195088393892,-0.21992638875565743,-0.6863543470091008,0.3255652769109234,0.8003265496056432,1.4884666912325981,1.2707870089557767,-0.37575823037279815,0.6324493376036124,-0.16410360794529244,1.4795214672365855,0.1142189809691333,0.8035567229507945,Greenland,Europe & Central Asia,High income
GTM,-1.1621277173981468,-0.48658288493197255,-0.6918241194459226,-0.8026961874780124,-0.5601083053244528,-0.8098953217066446,-0.7145149567979646,-0.1536437795095837,0.13252096355254997,-0.02632876858111436,0.30218565364744754,-0.3565595349608565,0.1833066818059747,0.33380710353029647,Guatemala,Latin America & Caribbean ,Upper middle income
GUY,-0.8426436847334071,3.0294676686828637,3.5084658997591873,-0.17419927757376233,3.40405382149097,0.9898723345515318,-1.6270317620747659,-1.7267864180735606,0.2082094173164128,0.8743053009127237,0.06582706870853798,0.15264533990344156,1.2298309325124186,0.2832565681128096,Guyana,Latin America & Caribbean ,High income
HKG,5.048459549222866,-3.393029500266987,0.8214101423371561,0.13478749727722278,-1.7126418444622529,0.12420861444228229,-0.5980447071833664,0.7671218435971455,0.17388032704650133,-0.38058930699490856,-0.10773369665548367,-0.2279489073777937,-0.19910695989317587,0.09560720417878892,"Hong Kong SAR, China",East Asia & Pacific,High income
HND,-0.8350850492434488,-0.5552319481181005,0.3983256902339037,0.4281449193131574,-0.07179623136215446,0.206750135106739,-0.038413482153892786,0.22364693529819474,0.36818972813787165,-0.13510241979643417,0.12388880100989272,-0.3755406190190727,-0.26271395897979877,0.4014718962610456,Honduras,Latin America & Caribbean ,Lower middle income
HRV,1.4017472758783407,-0.2182700469995229,0.14056235569214748,-0.05434360726055341,-0.02842673858760136,0.32840801711865925,0.290870944307644,-0.6170645537250514,-0.05844474163015907,0.0496086126448201,-0.23395524581396343,0.046054669851317814,0.04475938133874409,-0.14535564762488712,Croatia,Europe & Central Asia,High income
HTI,-3.3361575372067156,0.02536646657459483,-2.452442041505525,0.8990725463835754,1.0909687061150601,0.7033354198314735,-0.09789032073102943,-0.04417294959367031,-0.030345533577715366,0.04609079118936708,0.3963215046210996,-0.7086797117378737,0.48501471483587655,0.5489737358229511,Haiti,Latin America & Caribbean ,Lower middle income
HUN,1.7610459742891353,0.13519041333818285,0.05724844854550124,0.3790046921387421,-0.9249132214273669,1.268270079380815,0.22339863131577434,0.10310053968216024,0.03362594223472485,-0.16933390218386835,0.14877738326402823,0.24384182276160407,-0.006874007597166985,-0.13867421149648215,Hungary,Europe & Central Asia,High income
IDN,-1.2861445193169123,1.9843686384459223,0.26421501477216486,-0.6628123677047606,0.3529862190112955,-0.6397948630152444,0.09780274108318776,0.14859935418795703,0.13329457895251878,-0.04510194826931748,0.18931475313351417,0.15355447748758758,-0.03583999476452606,-0.14249225328366172,Indonesia,East Asia & Pacific,Upper middle income
IND,-1.8649945067701639,0.7206224800897032,0.7780434042637397,-1.2987670890898066,0.5132194961644295,-0.15107094929123888,0.64869490650125,-0.46705199153970933,-0.018401597831469003,0.11345372132209451,-0.07319897340260113,0.013313756856137896,-0.37785775567340896,-0.22043327493017026,India,South Asia,Lower middle income
IRL,3.439212876072415,0.49722538254032417,0.8687061348051235,0.9996613729619205,-1.2878669331416877,0.73110408562673,0.3764175181050712,-0.7378956081017173,0.32895712137797944,-0.512914176558933,0.0968530033086158,0.4139707854218147,0.2843437170663703,0.21259793378753142,Ireland,Europe & Central Asia,High income
IRN,0.12388951186009399,2.492668051353287,-0.6216018021895442,-1.2605015976075278,1.2743665599478533,1.9999469351435986,1.5920515648490419,0.5030034072307566,-0.13185198442842652,-0.25951232803096275,-0.32928336109912837,-0.0804356051419641,-0.6649553858013546,0.2580457868014201,"Iran, Islamic Rep.","Middle East, North Africa, Afghanistan & Pakistan",Upper middle income
IRQ,0.2256522764827936,2.0095671778582864,-0.22098423849950657,1.6733331759855634,1.3134371185138494,-0.25704646230448674,0.12617975347694926,-0.06946587274586778,-0.2881521121351885,-0.2022566556928381,0.17467915012914956,-0.3028417430064078,-0.23491738768535333,-0.2590452621783721,Iraq,"Middle East, North Africa, Afghanistan & Pakistan",Upper middle income
ISL,2.6993135362552367,0.19147032294528832,-0.6122726471681751,-1.1839456656270253,0.032906236266091626,0.03354497339877342,-0.06989429073215044,0.44792819866401745,0.357476661300827,0.18565652137793873,-0.2175531020475699,0.4532562566771557,0.04861678175777906,0.36825420527593233,Iceland,Europe & Central Asia,High income
ISR,2.5263421895726363,-0.028994376112624187,-1.0802162892564748,-1.3855018328334345,-0.05750022300944975,-1.0308419172467498,0.3345394159673281,0.22638855176212708,-0.022141052828152617,-0.560479339534362,-0.2533248441863733,-0.016671111511188837,0.07127599974310603,0.021597596093451556,Israel,"Middle East, North Africa, Afghanistan & Pakistan",High income
ITA,1.9386796330993987,0.10393647121507976,-0.9468134714017045,-0.26990322959791685,0.45219628740812484,-0.5913038084637424,0.48664447091285723,-0.7304848642631987,0.23475131973000882,-0.2448977058663798,-0.2480164721977879,-0.05778257795118821,0.05895575482554508,0.05479739967485846,Italy,Europe & Central Asia,High income
JAM,0.07921939316690524,-0.637448258699953,-0.21501557263782448,-0.43075087503015635,-0.6235506868804039,-0.10177912781469868,-0.20663594862583853,0.1455751609588163,-0.01507049722069712,0.7962019823980413,0.49716333971760657,0.11321128146371259,0.15711809001517232,-0.3311195321059018,Jamaica,Latin America & Caribbean ,Upper middle income
JOR,1.2238694648589652,-0.6267028148672114,-0.21824787818240643,1.1630064320044131,1.2682372739643306,-0.3998413608212656,0.1728586555709437,0.9217913671559855,0.7215798623051735,0.06907987099164313,0.21487269677018675,-0.5304907573040909,-0.3672945376288424,-0.1748313499724158,Jordan,"Middle East, North Africa, Afghanistan & Pakistan",Lower middle income
JPN,2.4397055901223834,0.9078257801111191,-1.1788367095225138,-1.4274865643698043,-0.11218954574048585,-1.3896753705324716,0.15301816680036537,0.13406833811602598,-0.13275079703749013,-0.6230075733078271,-0.13510429095007112,-0.4786453550526581,0.11840838629441539,0.25006468584074965,Japan,East Asia & Pacific,High income
KAZ,0.994526129535149,1.4135725757469073,-0.4611296184912642,-0.7110301685043203,0.4091126433278093,0.43909892580155074,0.21355441834795016,-0.36534317855355963,-0.8659431904460344,0.43057152286864975,0.10183022420672254,0.12667446479899758,-0.35711439903775133,-0.12540934488077435,Kazakhstan,Europe & Central Asia,Upper middle income
KEN,-3.2511851320220093,-1.1271842118273945,-0.3246641024864357,-0.29152079403765657,0.22408180598273117,-0.5125564929975078,-0.49972326415808643,-0.5183905736121404,-0.406620203579688,0.058703349693468986,-0.02644880694969821,0.3046784722534117,0.007572822033927779,0.2230543139902239,Kenya,Sub-Saharan Africa ,Lower middle income
KGZ,-0.7535634375010921,-0.05956034119208784,1.8036123005064437,-0.579987674686023,-0.39811108708881204,1.4689041599316888,0.8232039190656668,-0.03193188775731589,0.2686907185626589,0.6273416890598955,0.7668333183112288,-0.8478892374495671,0.04449642911595442,-0.5821269993457449,Kyrgyz Republic,Europe & Central Asia,Lower middle income
KHM,-1.4195118779047096,1.7972104404138012,2.572505524167381,-0.5445261633138251,-2.1565334665422826,0.24621104904203203,-0.4245620494132706,0.3584795322146397,0.8237125130426649,-0.015755033484217345,0.5480029524849594,0.11537160763007798,0.0020756834532318818,-0.4767077878670627,Cambodia,East Asia & Pacific,Lower middle income
KIR,-1.4614118610294788,-1.9640916742289871,-0.2780909036827008,-0.4501322801442303,0.27701593192528623,0.507910564274853,1.4297076775924906,1.3190110904295194,0.2833276233154448,1.4421761300488858,1.1346731941769974,-0.9031783310726171,0.9018601834925201,0.6842039959852259,Kiribati,East Asia & Pacific,Lower middle income
KNA,0.9159708788087275,-0.9748798924921145,0.6501214368254106,0.6439957371323467,-0.05415884165910631,-0.1424679014445173,0.4282893933465627,-1.4488271417076455,-0.7788879665661198,-0.1631679870318243,0.322164687371232,0.2355897168860576,0.4446514905949147,-0.18008962528208555,St. Kitts and Nevis,Latin America & Caribbean ,High income
KOR,2.6699628157742263,1.5617508479595887,-0.0039165364844092575,-0.8936110306805467,-0.4182553680885359,-0.4711210272571307,0.5590599441971957,0.05610871832191598,0.034397585526766514,-0.13206523323765107,-0.193509451541154,-0.17790477608990993,0.10608063029197617,-0.036403700945740955,"Korea, Rep.",East Asia & Pacific,High income
KWT,3.2486402239896313,2.8593033865969435,-0.7403262071908324,0.5796158395844054,-0.7848053629369086,-0.7786881689448817,-1.2854491431658508,0.22315433223125675,-0.14681088871858627,0.0075476172290997404,-0.03159111334818211,-0.6151658323571955,-0.25486579639539986,0.15974197014587907,Kuwait,"Middle East, North Africa, Afghanistan & Pakistan",High income
LAO,-1.663266893478233,1.0644526751598353,-0.04480634064851187,-0.7210275487244882,-1.4207553500715386,1.4283371208731312,-0.8079700670355418,-0.34916991254320007,-0.20142462864441432,0.5483612285819014,0.17481719637085041,0.12206945388195144,-0.17259361621817376,0.011782529232091565,Lao PDR,East Asia & Pacific,Lower middle income
LBN,0.5531515203231097,-2.3831973248256344,-4.159413448991249,0.5416905875986807,-0.06646605642116178,4.414954943053369,-1.5177760933189484,0.06418356252681204,0.5139471952971881,0.5364205854403424,-1.6430896592750779,-0.463682981037311,1.0814827676636918,-1.3960163362939397,Lebanon,"Middle East, North Africa, Afghanistan & Pakistan",Lower middle income
LBR,-3.6247789171040306,-0.05706464501788212,0.3585146598672669,0.008241107378348714,-0.4375741297229269,0.29254941508113125,-0.8207411233994397,0.9645628188075566,0.23796513369459954,-0.0995209665388469,-0.18349205994664375,0.25306378040140665,-0.08744220922209295,-0.03791929416587652,Liberia,Sub-Saharan Africa ,Low income
LBY,1.0953461536320597,2.895604921886519,1.4156472111081082,3.1670995176578693,1.9045363807193303,0.5569707013696376,-1.8605202410351018,0.40896090657239054,-0.1844608915272712,0.20989489775115286,-0.2331374557968111,-0.34833458838378617,0.5189597600294087,-0.060096141932363664,Libya,"Middle East, North Africa, Afghanistan & Pakistan",Upper middle income
LCA,0.7499285816674146,-2.5210941925152013,0.484398369537753,0.4085139802958048,0.03048893895478327,-0.10837061362436799,1.1121917430642931,-1.3528563373815103,-0.9398764361033849,-0.44118745045241553,0.05212926264825293,0.059564841194420376,0.13863718499297403,-0.39082549047627013,St. Lucia,Latin America & Caribbean ,Upper middle income
LKA,-1.5958671411441514,0.006260762132315822,-0.9114357232389156,-0.5142324843912238,-0.5839098593922384,-0.019756766483266738,0.8110752810784733,-1.7523532935040242,0.16427662203777837,-0.6330190919650893,0.08536195452572069,-0.3060052740825209,-0.40070149846214875,0.12322163343517557,Sri Lanka,South Asia,Lower middle income
LSO,-2.0752781909851725,-0.8254097307408023,1.3983847381965666,2.132459600146919,0.44463160771604665,0.9359426977537071,0.7402340010019673,0.530487849672658,-1.029893271864594,-0.356347725672688,0.5002980237877365,-0.3524423324484177,0.5220832950768867,-0.1180746559038598,Lesotho,Sub-Saharan Africa ,Lower middle income
LTU,1.9088941382013696,-0.3979743546683659,0.028198010563865086,0.7372455926116405,-0.3363091194926233,0.5864786139049948,0.1289723015326697,-0.17711710605842904,-0.010361460056585175,-0.06595989411727436,0.10414189758470972,0.17913624119684726,-0.0983381942535954,0.07200423992246249,Lithuania,Europe & Central Asia,High income
LUX,5.327320484019583,-2.559900282505442,0.7406048582184129,1.0486681856102587,-1.4896308340976316,0.6444905363908364,-0.3251601351020011,0.4196462946823717,-0.12537951144276707,0.0997909890473503,-0.49875353476122847,0.43181445432903676,-0.025565516623307295,0.30384816156390143,Luxembourg,Europe & Central Asia,High income
LVA,1.5802580492966913,-0.5739580335422344,-0.03442691206683581,0.4782902414254035,-0.4151200699169798,0.5556756931436698,0.5700315902407239,0.11020939876143307,0.01062284029894467,0.05007199027273277,0.2620243708382168,0.3617942189306502,-0.030233895883452672,-0.06617824210485677,Latvia,Europe & Central Asia,High income
MAC,3.7555993579442477,-3.78310018124312,4.431753474521224,-5.901068599120444,4.630202505838599,0.14106747172427217,-5.556127228803264,-0.048259352355391964,-0.026114213868818164,-0.038898420629882094,0.20504150064534135,-0.2786290828779992,-0.10665652689132732,0.22587455485600222,"Macao SAR, China",East Asia & Pacific,High income
MAR,0.0041934097062885775,0.08914270415947852,0.4323360910536549,0.24988348822361264,0.6083142877083499,0.39625038321373696,0.80495703722762,0.30892671749895384,0.6737116586012989,0.2630434648348502,0.39145490351580103,-0.030805203737835296,-0.4119110122012546,-0.3068252982623705,Morocco,"Middle East, North Africa, Afghanistan & Pakistan",Lower middle income
MDA,-0.33013270886234136,-0.5881206016406334,-0.11585636581781529,-0.6426914047280112,-1.6198391266962822,0.46555347755209703,-0.2851932282522517,-0.28606873041785724,-0.433708565469975,0.6563494450388959,0.393693935961866,-0.19465930267407958,-0.06762246016292467,-0.17414744405446064,Moldova,Europe & Central Asia,Upper middle income
MDG,-3.841156031596741,-0.5568005799354224,0.40470867737329563,0.01694789349417299,-0.6939458035374343,0.05966320964098103,-0.6969983891469678,-0.07352802866127478,-0.2519911585745149,-0.4205351667117991,-0.21426482283254578,-0.18503827313445065,-0.43431737655608105,0.014273073897524708,Madagascar,Sub-Saharan Africa ,Low income
MDV,1.4738329519171491,-1.486043660256821,1.4169210852099574,-0.9752516553782634,-0.7719729260724434,0.1744035003244524,1.331518681100144,-0.6058044939091524,0.2211564685610221,0.15026510612210814,-0.19750378237671104,0.21419483160757272,-0.49722010151984225,-0.31914436589180434,Maldives,South Asia,Upper middle income
MEX,0.8279703667948034,0.8254714845880153,-0.20567682852950245,-0.428295394610921,-0.2842862916837047,-0.3746904441406426,-0.43736053103640093,0.4418172579596371,-0.007852053760817134,-0.2863272447492965,0.3202069251124932,-0.1315341397763472,0.08380614598224993,-0.0032746948095887774,Mexico,Latin America & Caribbean ,Upper middle income
MHL,-0.6713451329086599,-2.3615275888478657,-0.5100756463220757,0.8393845816864459,-0.6852315997102274,0.06923645568782152,0.540902032310293,1.4094920735217498,0.49832941613165394,-0.1867775247154203,0.6215742035721199,0.575455622494761,0.22758559450885232,0.5785856598092496,Marshall Islands,East Asia & Pacific,Upper middle income
MKD,1.0301322236353578,-0.2142480293154784,0.6914262119462349,0.8884733757740609,0.4972388227706734,1.1112230191101158,1.0386083615445185,0.13058882674691397,0.0607372194293315,0.28025891630772776,-0.03097885382992407,0.043136312232709896,-0.3747613317342338,-0.028464984145630073,North Macedonia,Europe & Central Asia,Upper middle income
MLI,-3.8991657286853343,0.2592466523790466,1.0502539063323864,0.23623694087981,-0.44350077808664407,-0.597326238672605,-0.5916123328915612,0.13935109715609476,0.06721525589741356,0.38490013182831645,-0.04152252293867978,0.4616296600277583,0.22057011776369934,-0.317854334153476,Mali,Sub-Saharan Africa ,Low income
MLT,3.969324329910868,-2.275288913331383,0.7065272331697597,-0.6249724544207762,-0.45081965551329056,0.34299475658615386,-0.9199138524928243,0.43341975004548633,0.08743928791032,-0.7885239881969821,-0.013226782817195368,-0.26134665601035917,-0.04053181959766046,-0.21447347800127006,Malta,"Middle East, North Africa, Afghanistan & Pakistan",High income
MMR,-3.574969490768865,0.946505652470425,-0.11280082112527677,0.2526773177946437,-0.6213621489544061,-0.22021090873628762,-0.6291240192567253,-0.5762305873983018,0.15750341031013895,-0.19853388835550392,-0.08501730412249328,-0.1690388851770843,-0.02584563193470232,0.3092648641526882,Myanmar,East Asia & Pacific,Lower middle income
MNE,1.3357167471006088,-1.3392931356265017,0.18707590023237347,0.07831392310388033,0.8698584342053236,0.6899210127444736,0.7104751651577585,-0.04519699415724287,0.03014086237173004,0.35619035846550595,-0.30019391828205594,-0.12531166600375204,-0.15085818939636994,-0.3059398698215697,Montenegro,Europe & Central Asia,Upper middle income
MNG,0.4528699655826639,1.7771913268611925,1.470826312455501,0.3237246434042276,0.21881395382245467,1.3936302717237232,0.13401852757965052,0.7369526984065495,-0.06651141910706675,0.368243973638304,-0.18680109514817633,0.23694692276076573,-0.44695676994684874,-0.07221818179195356,Mongolia,East Asia & Pacific,Upper middle income
MOZ,-3.368187837935036,-0.8370185908154539,1.1970209447728448,1.1106168313686464,-0.1798153082465833,0.5615785990231499,-0.6127042681549258,0.10778647420298673,0.048638303883302765,-0.048880696777512965,-0.7011362889815319,0.08521922600313257,-0.2534082109252077,0.07431829933723315,Mozambique,Sub-Saharan Africa ,Low income
MRT,-1.8641339202462042,0.8493705630626638,1.924056872307234,0.07868431199885428,1.0116715223157162,0.7680036610187954,1.682291435535221,1.055549964617369,0.20067105725208043,-0.8251206639081015,-0.444156272167278,0.08547302437498829,-0.17196939076410933,0.12230527355998502,Mauritania,Sub-Saharan Africa ,Lower middle income
MUS,0.8501616583346795,-1.237097725314224,0.7539691611305018,0.33441137733435194,-0.5021580749445833,0.5126744586056157,-0.08689754474928846,-0.9243424478821691,-0.4006055859116278,0.4032558926077214,0.21409966706126835,0.18188915752588364,-0.034480947822856725,-0.019720363728616467,Mauritius,Sub-Saharan Africa ,Upper middle income
MWI,-4.396154525772497,-0.7782083205584374,-0.9671181909245802,0.0016834310496768113,-0.38788832277782787,0.717455153041627,-0.47068111682551256,-1.027535548487988,0.08039000860151899,0.2194428274076407,-0.5511796447724321,-0.5336842810774597,-0.10723479789218325,0.33196125000730425,Malawi,Sub-Saharan Africa ,Low income
MYS,1.6035101088721542,1.0718079373769736,0.7357665269203745,0.49724181498624304,-0.31595472722174595,-0.08580296739869013,-0.42253454768387744,0.43685618118622793,0.3235692362837427,0.7211260411303807,0.3194042114848767,0.16523569781657596,-0.39513663561087387,0.26440685500993605,Malaysia,East Asia & Pacific,Upper middle income
NAM,-0.7853830970570718,-0.3228924338681105,0.9453047950651617,1.373690431656628,1.1324759305093914,0.6056903923157504,0.8219579466896011,-0.03236698073326773,-0.2669374861470941,-0.2734191679222451,0.2627245078174214,-0.011021435024768012,0.17670012044534042,0.18964810644265875,Namibia,Sub-Saharan Africa ,Lower middle income
NER,-4.559017792692666,-0.2679118398145479,0.705667161971202,-1.0641001542383306,-2.1521422674993653,-0.9579212174716818,-0.7603686262482195,-0.17251999286774639,-0.3283270887720281,-0.1959589530574221,-0.1914911619685728,0.4347170516899005,-0.27232984130669075,-0.29523308313267194,Niger,Sub-Saharan Africa ,Low income
NGA,-3.2856134576741494,-0.46553649626818033,-0.8346323806454802,-0.4531114803393786,-0.2845475352228182,0.6714049468344702,-0.7350265943029572,1.1579405243662642,-0.9389592569194364,-0.04518072073437276,0.4181464703449557,0.9393458093922615,0.45710499912051383,0.2966827479952032,Nigeria,Sub-Saharan Africa ,Lower middle income
NIC,-1.0626357226945764,-0.01943432256677342,0.5801037177492911,0.40609067303938584,-0.235725602476969,0.552845589505394,-0.3955533446536756,0.23286590523165526,1.0202971181178915,-0.06484200148811638,-0.1314925982572361,-0.20270723921834918,-0.25920900126065555,0.044650473686181275,Nicaragua,Latin America & Caribbean ,Lower middle income
NLD,3.456079146887807,-0.6938113709337344,-0.18150862770076276,0.14175567467460595,-0.9485267573079983,-0.18041744336808074,-0.22864131174101507,0.5715725962292582,0.28694273623546346,-0.02860271332447934,-0.13815012183775746,0.3470863313427381,0.004419525795195552,0.1659425987167668,Netherlands,Europe & Central Asia,High income
NOR,2.4498881134768276,1.8988606749848373,-0.6159757275828682,-0.11467642844425689,-0.15389065648159342,-0.3905705317851507,-0.19488426607270193,-0.29904367060375964,0.6129329780368943,-0.18213480134370247,-0.11510566576328708,0.43373596666051206,0.42134730696038447,0.0026788690348929565,Norway,Europe & Central Asia,High income
NPL,-2.446617210404363,-0.9696105494073907,-0.6413412243184261,-0.693099980052396,0.9823295537258437,-0.2760987183394927,1.5561935851266682,1.111173940204887,0.33637167216251773,0.010946611525338068,-0.5569150106688657,-0.5669805658483376,0.20438520289219544,0.13556548977786104,Nepal,South Asia,Lower middle income
NZL,2.2446213088799363,0.3732551688543307,-1.3140744021793032,-1.1043917068694566,0.07123055126863238,-0.905626731053106,0.2018833338816733,-0.12734641986130554,-0.08045702987541793,-0.302746409034142,0.07104961905845929,-0.16059196310628407,0.33641858886114584,0.018400268822003275,New Zealand,East Asia & Pacific,High income
OMN,2.2646451743033538,2.85195978594671,0.6483418835461413,0.5410113264866618,-0.32601782303733656,-0.6698135344104779,-0.31975538641146845,0.0998133084192074,-0.05425957709541024,0.36351215346285765,-0.19352118142881594,-0.18559484155766454,-0.24001485737375186,0.07347971507622356,Oman,"Middle East, North Africa, Afghanistan & Pakistan",High income
PAK,-3.226670488355934,-0.32013011479916065,-2.0219509180117465,-0.27622977648947866,-0.03242788995407537,0.3388469867572657,-0.4229960698850321,-0.6107859343969764,-0.06633261569423365,0.26359063826221235,-0.07316476531028936,0.01920146461127021,-0.14765945561541968,0.2714507094452914,Pakistan,"Middle East, North Africa, Afghanistan & Pakistan",Lower middle income
PAN,1.337823713322818,0.14184186799306223,1.1043675762746559,-0.8117872553074807,0.6288767496076113,-0.5574523878367468,1.1986272208053128,-0.113500025482878,-0.09336784596717353,-1.1851523897926965,-0.08698430860706033,-0.15390112060041972,-0.134987675258844,0.22537485145313016,Panama,Latin America & Caribbean ,High income
PER,0.09884808741164969,0.9487803619270886,-1.2085184809578104,0.13893608648503533,0.25582959306663344,-0.6518674384685377,-0.4427622770951371,0.4272819330818095,0.8620701677959747,-0.28683482901197577,0.16519604883115482,-0.09208654406456551,-0.15000671382184788,-0.08451472130492081,Peru,Latin America & Caribbean ,Upper middle income
PHL,-0.6884754636940318,0.004069061152785247,0.20769418886340807,-0.7924327898385974,-0.5085599098927134,-0.2816100921181731,-0.3370367745855989,0.15946157556900456,-0.1190916035751079,0.05212163690573887,1.0706669768918131,-0.21533869880936907,-0.028574109709409986,0.07211941721393558,Philippines,East Asia & Pacific,Lower middle income
PLW,2.320539618340973,-0.3960737945477576,-0.20282595180273982,-1.0621822214042018,-0.0811970969337403,0.8125675806390457,1.7974677120655793,1.1479026314464509,-2.773407304428237,1.6204200130976159,-1.1120056675526189,-0.12597400904692116,-0.1806841320746256,0.6820157585513544,Palau,East Asia & Pacific,High income
PNG,-3.389433707664468,0.7738777593286845,1.2085804175486325,0.003506062264319279,-0.7234089491309484,-0.7673695045292585,-0.17202032389094055,-1.025325736683667,-0.1593304249895688,-0.5087512793860324,-0.23438950232828656,0.025504278096476905,0.3778209399910092,0.43895001046589677,Papua New Guinea,East Asia & Pacific,Lower middle income
POL,1.551333105540294,0.497648964121486,-0.42714220610954284,0.12303336213568569,-1.0616758679589418,0.3044859503252516,-0.651160294218113,-0.6700728654810642,-0.16287761709916831,0.3131494732540556,0.023944565706666275,0.007877696313738773,-0.12755705694992256,0.0539171534436268,Poland,Europe & Central Asia,High income
PRI,2.498461393138513,1.3228221817161405,-0.7472778436312633,1.1899680135123019,0.16922768177017497,-0.3799777436732048,-1.2010822301708513,-0.03339785251528808,0.6241826562350673,-0.42186925484822807,0.21661000468673725,-0.4422560047199183,0.4355129463712896,0.010320812010197501,Puerto Rico (US),Latin America & Caribbean ,High income
PRT,1.7952721382520576,-0.739048856975393,-0.28688202444775357,-0.13770656600145742,0.0811030624901855,-0.4247880448648996,0.14434872276601407,-0.8109836738379814,0.33076620532238843,-0.09468613354020303,-0.132529555199822,-0.07987641597194838,-0.0349824205497009,-0.11466439581733937,Portugal,Europe & Central Asia,High income
PRY,-0.33329422234753514,0.46029807712861864,0.16364133800847688,0.45354151415363214,0.42588740753022325,-0.14268736457585265,-0.6038067528915181,0.22726004836933208,0.9042341947951793,-0.013118980529233548,0.3789901310210844,0.24555664622677809,0.012867641450483306,-0.004489531777651934,Paraguay,Latin America & Caribbean ,Upper middle income
PSE,-0.3205437305405156,-0.7156217311424893,-0.7750901311337314,0.3452835258487808,-0.3192890728713526,-0.13742521805852356,0.9035742912428343,1.8326010601074254,-0.3022008168887228,0.3267644906382053,0.5658177232703162,-0.2937140889726411,0.8041268467996165,-0.5190320659679483,West Bank and Gaza,"Middle East, North Africa, Afghanistan & Pakistan",Lower middle income
PYF,1.443004126228813,-0.5225752864442366,-0.596017928133069,-0.03930152883261246,0.8376283929279085,-0.4103382248381438,0.8024862713486631,-0.7867645004017831,0.6731083971826795,0.19539705741122892,-0.1936869062717781,-0.525180834090999,0.25998506266210863,0.228611184103762,French Polynesia,East Asia & Pacific,High income
QAT,4.042999246910308,3.547951549487003,0.7455675786858657,-0.17103903472468138,-2.246633970014921,-0.18921684772608732,-1.7026215769419644,0.5364920899991218,-0.4295776126854156,0.36640107645293246,-0.5071850370385697,-0.2847203109534231,0.3241570002514403,0.2793409688911384,Qatar,"Middle East, North Africa, Afghanistan & Pakistan",High income
ROU,0.8668546172852566,0.2302340592810669,-0.169766394993424,-0.1784241061695582,-0.024987912684283634,0.3227123470343824,0.5138930978743603,-0.6806461133013149,-0.14998192562279525,-0.0388170174761894,0.41855308075859027,-0.07039024895800287,0.0037230715741865088,-0.1358522478162081,Romania,Europe & Central Asia,High income
RUS,0.9602672752630088,1.6105285369016094,-0.7878513682319659,-1.1415368123283667,0.2736801801244254,-0.7215458975765096,-0.0013430588466884147,0.2097468472395103,-0.9955329915532466,0.4592836108523689,0.05140908212223257,0.02744549174727584,-0.13068984865227035,-0.36283984289781146,Russian Federation,Europe & Central Asia,High income
RWA,-3.390683453875146,-0.8039938702194045,0.3255763224941404,0.283353252553428,0.9732780261549254,1.1234323931820487,0.12461137457819288,-0.6090422786058705,0.23056323611343843,-0.20507957922781123,-0.5105835621929443,-0.040713963620617175,-0.25581762084035237,0.25813646674836144,Rwanda,Sub-Saharan Africa ,Low income
SAU,1.8954412984042062,3.0172091640352177,-0.41009881795765724,-0.1707849950417151,0.3300059575441361,-0.8901791532098576,0.22287064520742458,0.19632168285214469,-0.22032736830756075,0.41914454524851,-0.24794870372633324,0.0355694522845232,0.13377193632843057,-0.15017530227558992,Saudi Arabia,"Middle East, North Africa, Afghanistan & Pakistan",High income
SDN,-5.1700900782700305,1.0997601835769804,-5.55522526855614,1.2117597978277734,-1.7211204044454178,-2.321675691430602,0.34022882730702114,-0.8060335858666704,0.29285455981130004,0.3984244902507729,-0.00034621700801930534,0.019829598848725698,-0.12123091677131742,-0.17323099290735766,Sudan,Sub-Saharan Africa ,Low income
SEN,-1.9137562592298867,0.5292079065300676,1.2800474542412146,-1.1573367084364916,-0.3750557248984079,0.3680195081237566,1.4564675077254345,1.0610251180195691,0.18776869248636988,-0.3966621498326555,0.16318144846760596,-0.16583105272474546,0.08211386439386673,-0.25174919147394764,Senegal,Sub-Saharan Africa ,Lower middle income
SGP,4.7693980732418435,-0.852738476426998,0.891223980426821,0.7740314023505381,-1.3417760985350116,0.6711278798171826,-0.6014275645839204,0.5973449059264172,-0.08401405764924083,-0.5289932482503847,-0.2883678207639473,0.01704605537371125,0.0032660833830813994,0.27419403309386037,Singapore,East Asia & Pacific,High income
SLB,-2.6861976548176907,-0.5490699962149684,1.136238630014766,-0.22337355213719193,-1.7664647808336558,0.10580622031491169,-0.5252509018593707,-0.24223110606829332,0.6861642523274799,0.05026636262204719,-0.3383487696145672,0.009093597666584113,-0.051479631111024264,0.5438815435333969,Solomon Islands,East Asia & Pacific,Lower middle income
SLE,-3.902414365724686,0.0190492931344827,-0.5835772152051084,-0.32313824489741827,-0.3836350987578226,1.7008463730329875,-1.0768240069632062,0.17675523939635596,-0.17551698258241843,-0.4321724260425029,-0.12420201486937249,0.19420907076715485,0.13905960086995958,0.41471565273213346,Sierra Leone,Sub-Saharan Africa ,Low income
SLV,-0.07626124053173658,-0.46145780966535443,0.007943178815867804,-0.20176531437534984,-0.48980371369987713,-0.5069709691219366,-0.5485078290607693,0.6508909885519908,-0.04265455529516027,-0.4141430041392924,0.16443563027910416,-0.44309198290310636,0.2536420883847424,0.0062387074937692655,El Salvador,Latin America & Caribbean ,Upper middle income
SMR,4.6339513311888805,0.5235411995050003,0.8940732950784541,1.3717262774804908,-1.8421294207165708,0.8910039246530795,-1.4020285247026736,0.2973367717154676,0.4002153689362147,-0.11222436135932676,-0.48096516558436225,-0.37728424426944795,0.14136489813455896,0.18376191123215688,San Marino,Europe & Central Asia,High income
SOM,-3.366094000883074,-1.2301202661293371,1.3668239589369555,1.8992752967884179,1.0368056780332593,-0.23157775961100924,0.46088437945485167,1.2422151288777998,-0.18041313970558193,0.09795931281919659,-0.37189137821089324,-0.4749262349247215,0.4861646518155559,0.25985322878268075,"Somalia, Fed. Rep.",Sub-Saharan Africa ,Low income
SRB,1.0387499639189395,-0.1320359737842044,0.06328044676544198,0.36377100405856844,0.2697004440125372,0.8523525465112061,0.2741559207175065,-0.22770898026894715,-0.10351527285679471,0.13704627170290412,-0.06143212390682158,-0.07351849821470487,-0.2091384211919362,-0.16154245563587225,Serbia,Europe & Central Asia,Upper middle income
STP,-1.215882965169117,-3.295062077531296,-1.5718598418756835,-0.7367298819402881,0.13134615558688006,0.5332456032606497,0.9351576071354402,0.9545543945435319,-0.26400245855007914,0.1955703246183981,-0.0945374631201026,-0.2941658367338362,-0.3419353974681965,0.03020282505266188,Sao Tome and Principe,Sub-Saharan Africa ,Lower middle income
SUR,-0.37342072221718753,1.6398567707752458,-1.922247648184259,-0.24461652688808438,0.9173479835070855,1.5209215000978167,-0.08708799728957664,-0.4148236850814646,-0.12132849025770563,-0.0921613599118354,0.43972411799270206,0.07422922033915445,-0.21891352750633689,0.005266590046505622,Suriname,Latin America & Caribbean ,Upper middle income
SVK,1.9568782549444013,-0.17218041237657158,0.5108487542692303,0.96802924259225,-0.6412108987783429,0.9325933121615447,-0.2668304895899463,-0.8694750595229055,-0.10665181290547557,0.14112809922773747,0.09691822316155524,-0.03703626368384335,-0.06299616382715294,0.1644342021612322,Slovak Republic,Europe & Central Asia,High income
SVN,2.263346064021115,0.30591764490707724,0.5817810873713476,0.34507320942323594,-0.8961653291989218,0.5317909855659061,-0.206092362915397,-0.9207044071235277,0.22186704185142975,-0.010834145687281145,-0.04751031025738632,-0.1272732929544659,0.0430869115030704,-0.06059343817920914,Slovenia,Europe & Central Asia,High income
SWE,2.8013907631762933,-0.19077590156270155,-0.7159248245708217,0.08622553162174477,0.18923491782921226,0.14939272259460934,0.5263940108968862,0.04264203347655239,0.5572837444769827,-0.6814646695047014,-0.04214511478667512,0.15490505757917716,0.296948145410986,0.00816873986640607,Sweden,Europe & Central Asia,High income
SWZ,-1.4303778339124797,-0.4942039410692229,0.6929834544575871,2.2972235490926,1.542816510700921,0.3622761799078642,0.5020050389375071,-1.1954495556638463,-0.6170249429598056,-0.17238295391201897,0.5478667072407742,0.25597755266559363,0.08799047251803509,0.017405015693863497,Eswatini,Sub-Saharan Africa ,Lower middle income
SYC,2.0072697669242188,-1.5799250569644168,1.6040605392139367,0.8445373979779555,-0.6842843276987278,-1.1169003458029405,0.4381702253739256,-0.5728453808535253,-0.44090777368717643,0.9616297333709197,-0.25094085764897994,0.20925378063501443,0.027172483312401154,-0.23319115036192783,Seychelles,Sub-Saharan Africa ,High income
TCD,-5.056920765681083,0.9793562972074733,0.4807269086661834,-0.17520627560917748,-1.237298274155843,-0.05815872461502241,-1.573169264998919,-0.042662918354518624,-0.5024981891386575,-0.3351820424952297,-0.18020038654773585,1.051665623705641,0.14546005679319,-0.3031438111175657,Chad,Sub-Saharan Africa ,Low income
TGO,-3.3490934996676325,-0.147144289817776,0.46408155084421515,-0.9187449728116431,-0.5238814228930146,-0.45698768659224553,-0.45811511312534536,0.4468923652197312,-0.2265522989596968,-0.19513057896098177,0.15566464567004612,0.1171294966665997,0.013358700486638087,-0.29014911709885743,Togo,Sub-Saharan Africa ,Low income
THA,0.7674439374179154,0.7077737913509714,0.5617818674825684,-0.5510501971849514,-1.9376531659107428,0.35888577471742766,-0.7765752696260477,0.1308945593941766,0.3835052140297909,0.2926171894258326,0.777830065205287,-0.03519218240300715,-0.4783940035220995,0.10590232674071559,Thailand,East Asia & Pacific,Upper middle income
TJK,-2.7607564046391087,1.0165875812191532,1.1341304784158057,-0.09639369289113434,0.6701987600694453,0.8419124491952708,0.6712673256919035,-0.610737715528716,0.6953124467676075,0.38715782237575735,-0.1854787254166346,-0.5727527273984275,0.27347425759928484,0.061947997718912025,Tajikistan,Europe & Central Asia,Lower middle income
TKM,-0.554078626679168,2.2678246816534644,-0.34434584937572155,-1.0551370207398747,0.6831105961678715,-0.4230332640274862,0.13339772020277751,-0.6043637349012158,-0.9670390970033346,0.8341168113713837,0.21148834274489806,0.5593406580345268,-0.5189059330506481,0.02677745678267513,Turkmenistan,Europe & Central Asia,Upper middle income
TLS,-2.355367011745933,-0.576949239399237,-0.7889407138060797,0.9505319683528913,-3.2663667818465205,-0.35657311209257486,1.0874880922296708,-0.07888204836674144,0.037412796846845855,-6.525139406402486e-05,0.7173866863894746,-0.3705154400561545,-0.06010114566237933,0.4302940029985855,Timor-Leste,East Asia & Pacific,Lower middle income
TON,-1.753943873577338,-0.4459704134394437,0.6297327061191547,-1.14791589676705,-1.4142619049621368,0.07205843062434328,0.5965977924315345,-0.7042626897699128,0.4695779586653169,1.124606665192063,-0.05626091218382433,-0.25848529767231565,0.7594949036445638,0.12904158378703057,Tonga,East Asia & Pacific,Upper middle income
TTO,1.7784077364283648,0.9382693812666122,-0.01951128733896018,0.3474499631336492,-0.7296539202232789,-0.3987446978335547,-0.5539169268076383,-0.8252493436150464,-1.5049986614885122,0.5311082080107455,-0.11124675077203088,-0.20023383509479772,-0.08501884216406441,0.02679533323027332,Trinidad and Tobago,Latin America & Caribbean ,High income
TUN,0.5432063594241667,-1.1619782181077296,-0.9620340014961214,1.7106769152615737,0.5387079621630693,0.22712778937327643,-0.6767568851343002,-0.12165973800207691,0.5832875246729258,0.6438650040398433,0.23435916241645505,-0.17972784201974254,-0.7603128342015929,0.3434754475593519,Tunisia,"Middle East, North Africa, Afghanistan & Pakistan",Lower middle income
TUR,0.8937449988494083,1.110533189616109,-1.2290938810212355,-0.8614273807278553,1.1825324179511252,2.163666785939516,0.826037381612509,0.5790535859574671,0.006347733111818646,-0.5054045146870914,-0.22650871762373118,0.24377083212920433,-0.15113727051621964,0.2576432139838459,Turkiye,Europe & Central Asia,Upper middle income
TZA,-3.8687294251250615,1.7903902342860376,1.4093774062333093,-1.382281732840004,-0.5229957831134354,-0.2966887520277143,0.813075383149427,0.34650364946134266,0.4072066496331208,-0.6906628199910304,-0.7137005438730722,0.21302834419397904,0.3627075023837006,-0.6629719304020076,Tanzania,Sub-Saharan Africa ,Lower middle income
UGA,-4.101304692876967,0.2247723258665807,0.20567589795408284,-0.7038985987112845,-0.28477126297287214,-0.7716873095956115,-0.41399577581704633,-0.42565096788257656,0.21832101257405975,-0.505056137537599,-0.7155214603773685,-0.36579030306210775,0.11682410509018006,0.30723893450945555,Uganda,Sub-Saharan Africa ,Low income
UKR,-0.07716566445088201,-0.5490688518012518,-0.5162378479123731,-0.6422862009934881,-0.4009853248991752,0.3452247974285017,-0.7069341318943728,0.49544298332226444,-0.06583892910379927,0.6276469005090857,0.29959703200318044,-0.6067259778214031,-0.34404656037409553,-0.18516019137039352,Ukraine,Europe & Central Asia,Upper middle income
URY,1.2197589622634288,-0.6666058253595192,-1.7148118299564064,-0.23560288758196254,0.825953631039919,-0.8141824475299808,-0.05449104525755271,0.6244191977806964,0.6151469037735413,-0.011460341424598336,0.09496827234901888,0.44164485908455886,-0.07789837220162651,-0.03562690014005153,Uruguay,Latin America & Caribbean ,High income
USA,1.7041779626810099,1.7318168260441178,-1.7164230460528942,-1.274987501285638,0.6251156425730506,-1.5105898026546958,-0.1484482991139574,-0.38787155545018703,-0.5775612410959932,0.39989497224694515,-0.04228449011121591,-0.005421042570818881,0.703109400185305,0.2735120886335999,United States,North America,High income
UZB,-0.9056894841164904,1.4152998906202552,0.6621227707324011,-0.7719938828075393,0.3499760795927128,0.723955784498287,0.8693549583538509,0.21408964144626041,0.362088050855521,0.8389023288857136,0.3214477455445936,0.08578623333579577,-0.08784995664046844,-0.08597042058347874,Uzbekistan,Europe & Central Asia,Lower middle income
VCT,0.3056730022083689,-1.8173228843269609,0.418351432071334,0.7495312433809393,1.0397053366460245,0.12736687653191753,0.7004743392893839,-0.5678717464747715,-0.2787848178309815,-0.10796080287827028,0.22643150726040961,0.28826439143288674,0.10444566734096654,-0.19689074387500288,St. Vincent and the Grenadines,Latin America & Caribbean ,Upper middle income
VEN,-0.7046078036435216,-0.5889957175409735,-2.707708708934563,-0.4734950384911051,0.8242149577063582,-0.8806227417064683,-1.72159960401416,0.6113867231211014,-0.12084920262014821,0.6248840281769663,-0.04270113330963488,-0.13429527580063594,-0.9868855559213728,-0.5728857492555409,"Venezuela, RB",Latin America & Caribbean ,Not classified
VNM,-0.1389550878623308,1.3971162033061453,2.325374341062189,0.06020899915549641,-1.3944671527154033,0.615012865771533,-0.0009270832200941537,-0.2520762022583761,0.46445777060161697,0.4241805343061465,0.15249548509603994,0.11287663719462442,-0.40280519965484063,-0.2124552305636036,Viet Nam,East Asia & Pacific,Lower middle income
WSM,-0.7784623489724305,-1.6283903548171588,1.5900461110342852,-2.1038405362945194,0.48518399316727634,0.6378287775467141,1.2961443801883872,-0.9895970532895474,-0.5459288019964045,0.38010176309796234,0.5231953054417291,-0.08835099205634947,-0.03832242699529599,-0.15636870910379272,Samoa,East Asia & Pacific,Upper middle income
XKX,0.17231607416392852,0.5316654786587475,1.1632078641805228,0.24224049305246056,0.35371830865208836,0.6169683118904926,1.2815773239909556,-0.22195370493052638,0.5801901567588311,0.32163097936506524,-0.3342468803233851,-0.38225263538911897,0.0900235911124448,-0.2262290204429672,Kosovo,Europe & Central Asia,Upper middle income
ZAF,0.3574344504135916,-0.5904762481596505,-1.1189951890662688,1.702044276771197,1.7410800307658845,-0.3678084147813952,0.2080370571088008,-0.26652332513144295,-1.4898798325337204,0.4596629547442025,0.06511741416708677,0.11862340882460845,-0.2003043859482319,-0.13334187356555932,South Africa,Sub-Saharan Africa ,Upper middle income
ZMB,-1.909174050095403,0.1199310735487548,0.8527191951747817,0.2367181554773013,0.0929227121533194,0.36553358218338944,0.14413527398992365,-0.23949100124637307,-1.2069127915802162,-2.1804887347604254,-0.2570633629870678,-0.6727828658130618,-0.1414828767026253,-0.031213924869615838,Zambia,Sub-Saharan Africa ,Lower middle income
ZWE,-2.9954462248345703,-0.17014806562021972,-1.0357474544857455,0.8646253414807729,0.874520180925226,0.06329324568563359,-1.2881840027881162,-0.739762557732934,-0.6826348674667739,-0.0673511153056849,0.2822523771972438,-0.23103610073669303,0.03384601971024177,0.2683621832386209,Zimbabwe,Sub-Saharan Africa ,Lower middle income
