iso,perc_e,perc_m,dperc,tier_e,tier_m,pc1_e,pc1_m,country,region
AFG,4.6875,16.230366492146597,11.542866492146597,0,0,-4.30792882583448,-2.255978205493489,Afghanistan,"Middle East, North Africa, Afghanistan & Pakistan"
AGO,26.5625,20.94240837696335,-5.62009162303665,0,0,-2.1526163063067463,-1.7265204623861587,Angola,Sub-Saharan Africa 
ALB,36.45833333333333,42.93193717277487,6.4736038394415445,0,1,-1.2485222783611325,0.22924150955818104,Albania,Europe & Central Asia
ARE,93.22916666666666,96.33507853403141,3.105911867364753,1,1,2.762925674412003,4.0075150959184915,United Arab Emirates,"Middle East, North Africa, Afghanistan & Pakistan"
ARG,60.416666666666664,43.97905759162304,-16.437609075043625,1,1,0.07940276130086112,0.24555088222405044,Argentina,Latin America & Caribbean 
ARM,43.75,57.06806282722513,13.318062827225127,1,1,-0.7187771814561293,1.1783709325354401,Armenia,Europe & Central Asia
ATG,69.27083333333334,64.3979057591623,-4.872927574171044,1,1,1.0108003524457398,1.4265345625491166,Antigua and Barbuda,Latin America & Caribbean 
AUS,86.45833333333334,85.34031413612566,-1.118019197207687,1,1,2.3491970716860915,2.799661637851625,Australia,East Asia & Pacific
AUT,87.5,89.00523560209425,1.5052356020942455,1,1,2.4178868766050132,2.898106999448316,Austria,Europe & Central Asia
AZE,39.0625,46.07329842931937,7.010798429319372,0,1,-1.1119733840372032,0.4390981621955748,Azerbaijan,Europe & Central Asia
BDI,0.5208333333333333,1.5706806282722512,1.049847294938918,0,0,-5.007953407729931,-4.2016455700209745,Burundi,Sub-Saharan Africa 
BEL,98.4375,94.76439790575915,-3.6731020942408463,1,1,3.190670202120977,3.8007215963116843,Belgium,Europe & Central Asia
BEN,10.416666666666668,14.136125654450263,3.719458987783595,0,0,-3.68670982278681,-2.441269564258632,Benin,Sub-Saharan Africa 
BFA,3.6458333333333335,10.471204188481675,6.825370855148341,0,0,-4.417181047133063,-2.6482925828495407,Burkina Faso,Sub-Saharan Africa 
BGD,16.666666666666664,19.895287958115183,3.228621291448519,0,0,-3.1643635502582317,-1.7876532006468404,Bangladesh,South Asia
BGR,64.58333333333334,71.72774869109948,7.144415357766135,1,1,0.4623172849509037,1.8578444685346822,Bulgaria,Europe & Central Asia
BHR,93.75,96.8586387434555,3.1086387434555007,1,1,2.8149274199456027,4.079157325748308,Bahrain,"Middle East, North Africa, Afghanistan & Pakistan"
BHS,82.8125,83.24607329842932,0.433573298429323,1,1,2.035563943967472,2.6832326308411036,"Bahamas, The",Latin America & Caribbean 
BIH,53.645833333333336,59.68586387434554,6.040030541012207,1,1,-0.19040765952126873,1.2324326361255664,Bosnia and Herzegovina,Europe & Central Asia
BLR,55.208333333333336,63.35078534031413,8.142452006980797,1,1,-0.16372447733297518,1.395639053742181,Belarus,Europe & Central Asia
BLZ,52.083333333333336,41.8848167539267,-10.198516579406636,1,1,-0.2909996078867241,0.210293455392696,Belize,Latin America & Caribbean 
BOL,31.25,34.55497382198953,3.3049738219895275,0,0,-1.616737327469513,-0.3149044672467521,Bolivia,Latin America & Caribbean 
BRA,50.0,50.26178010471204,0.26178010471203805,1,1,-0.39192741637628253,0.6413204683582409,Brazil,Latin America & Caribbean 
BRB,77.08333333333334,73.82198952879581,-3.261343804537532,1,1,1.454389624600434,1.9693139943804703,Barbados,Latin America & Caribbean 
BRN,78.125,89.52879581151832,11.403795811518322,1,1,1.562530365746061,2.9097921943395257,Brunei Darussalam,East Asia & Pacific
BTN,27.604166666666668,36.64921465968586,9.045047993019192,0,0,-1.873555454157785,-0.18777887956606001,Bhutan,South Asia
BWA,42.70833333333333,54.973821989528794,12.265488656195465,0,1,-0.769871607827405,1.0172613461358824,Botswana,Sub-Saharan Africa 
CAF,4.166666666666666,3.664921465968586,-0.50174520069808,0,0,-4.368233217507163,-3.595411799989452,Central African Republic,Sub-Saharan Africa 
CAN,92.70833333333334,86.38743455497382,-6.3208987783595205,1,1,2.716896812484439,2.827528787813914,Canada,North America
CHE,96.875,95.81151832460732,-1.06348167539268,1,1,3.130968594761835,3.8353255655222402,Switzerland,Europe & Central Asia
CHL,70.3125,70.68062827225131,0.36812827225131173,1,1,1.0630261812196455,1.841874985452075,Chile,Latin America & Caribbean 
CHN,42.1875,59.16230366492147,16.974803664921467,0,1,-0.8104415037925061,1.2240935325817954,China,East Asia & Pacific
CIV,19.791666666666664,18.848167539267017,-0.9434991273996474,0,0,-3.0327071233751073,-1.825219592899712,Cote d'Ivoire,Sub-Saharan Africa 
CMR,21.354166666666664,17.277486910994764,-4.0766797556719006,0,0,-2.862245358519314,-2.1807364295035025,Cameroon,Sub-Saharan Africa 
COD,8.854166666666668,16.75392670157068,7.899760034904013,0,0,-3.9148592045915978,-2.18797155303474,"Congo, Dem. Rep.",Sub-Saharan Africa 
COG,35.41666666666667,28.79581151832461,-6.620855148342063,0,0,-1.345661425907584,-0.767902950768792,"Congo, Rep.",Sub-Saharan Africa 
COL,44.27083333333333,41.361256544502616,-2.9095767888307122,1,1,-0.7067110075311926,0.2094089542246032,Colombia,Latin America & Caribbean 
COM,11.979166666666668,7.329842931937172,-4.649323734729496,0,0,-3.4223475779726424,-2.8999261235457685,Comoros,Sub-Saharan Africa 
CPV,55.729166666666664,55.497382198952884,-0.23178446771377992,1,1,-0.15056017727241633,1.0528483833634403,Cabo Verde,Sub-Saharan Africa 
CRI,63.541666666666664,68.06282722513089,4.521160558464224,1,1,0.16612660999270806,1.7660023111631518,Costa Rica,Latin America & Caribbean 
CUB,62.5,70.15706806282722,7.657068062827221,1,1,0.13189210223881442,1.832803679644775,Cuba,Latin America & Caribbean 
CYP,81.25,92.14659685863874,10.896596858638745,1,1,2.0201327879212294,3.350293421776874,Cyprus,Europe & Central Asia
CZE,80.72916666666666,79.58115183246073,-1.1480148342059238,1,1,1.9694434341097247,2.481572215388264,Czechia,Europe & Central Asia
DEU,91.14583333333334,87.95811518324608,-3.187718150087264,1,1,2.6283827139333487,2.853781306550965,Germany,Europe & Central Asia
DMA,57.8125,40.83769633507853,-16.974803664921467,1,1,-0.046567402838229674,0.17304610391556446,Dominica,Latin America & Caribbean 
DNK,94.79166666666666,92.67015706806284,-2.121509598603822,1,1,2.913510934544184,3.3841889555557465,Denmark,Europe & Central Asia
DOM,47.91666666666667,52.35602094240838,4.439354275741707,1,1,-0.4298789207751028,0.8308413410012686,Dominican Republic,Latin America & Caribbean 
DZA,49.47916666666667,39.79057591623037,-9.688590750436305,1,1,-0.39496262212846023,0.0804628438729388,Algeria,"Middle East, North Africa, Afghanistan & Pakistan"
ECU,47.39583333333333,47.64397905759162,0.2481457242582934,1,1,-0.46473941680716196,0.4768037385274437,Ecuador,Latin America & Caribbean 
EGY,33.33333333333333,25.654450261780106,-7.678883071553223,0,0,-1.4883950773487928,-1.05493483590912,"Egypt, Arab Rep.","Middle East, North Africa, Afghanistan & Pakistan"
ESP,79.6875,81.67539267015707,1.9878926701570663,1,1,1.764753824513368,2.58185006344994,Spain,Europe & Central Asia
EST,81.77083333333334,85.86387434554975,4.093041012216403,1,1,2.0207691974544586,2.8198846797284842,Estonia,Europe & Central Asia
ETH,1.0416666666666665,1.0471204188481675,0.005453752181501015,0,0,-4.9385297011587035,-4.210792698030048,Ethiopia,Sub-Saharan Africa 
FIN,85.9375,80.6282722513089,-5.3092277486911,1,1,2.334567870349116,2.535404495422498,Finland,Europe & Central Asia
FJI,39.58333333333333,34.031413612565444,-5.551919720767884,0,0,-1.098861444314376,-0.3365724457976401,Fiji,East Asia & Pacific
FRA,83.85416666666666,82.19895287958116,-1.6552137870855006,1,1,2.060739593115747,2.6057985225775564,France,Europe & Central Asia
FRO,57.291666666666664,50.78534031413613,-6.506326352530536,1,1,-0.056498987232699235,0.6739755799236888,Faroe Islands,Europe & Central Asia
FSM,25.520833333333332,22.5130890052356,-3.0077443280977327,0,0,-2.2201420547907937,-1.4540120776088512,"Micronesia, Fed. Sts.",East Asia & Pacific
GAB,50.520833333333336,46.596858638743456,-3.92397469458988,1,1,-0.36397297991936284,0.45127169200021366,Gabon,Sub-Saharan Africa 
GBR,89.58333333333334,84.81675392670157,-4.766579406631777,1,1,2.5552166001207453,2.7983876659587197,United Kingdom,Europe & Central Asia
GEO,37.5,56.54450261780105,19.04450261780105,0,1,-1.1688888088786107,1.154116604340212,Georgia,Europe & Central Asia
GHA,18.229166666666664,19.3717277486911,1.1425610820244358,0,0,-3.1036804562096294,-1.8216613092644578,Ghana,Sub-Saharan Africa 
GIN,7.291666666666667,12.041884816753926,4.750218150087259,0,0,-4.151537196066426,-2.5994242967103967,Guinea,Sub-Saharan Africa 
GMB,18.75,15.18324607329843,-3.566753926701571,0,0,-3.0825372056333564,-2.4071965248900544,"Gambia, The",Sub-Saharan Africa 
GNB,7.8125,4.712041884816754,-3.1004581151832458,0,0,-4.133851850988068,-3.23207635103534,Guinea-Bissau,Sub-Saharan Africa 
GNQ,44.79166666666667,39.26701570680628,-5.524650959860388,0,1,-0.6915986471386918,0.07046501786010763,Equatorial Guinea,Sub-Saharan Africa 
GRC,75.52083333333334,78.53403141361257,3.013198080279224,1,1,1.3247221526336694,2.3276508732883237,Greece,Europe & Central Asia
GRD,56.770833333333336,54.45026178010471,-2.320571553228625,1,1,-0.11152644753866783,0.9303457500664083,Grenada,Latin America & Caribbean 
GRL,76.5625,69.10994764397905,-7.452552356020945,1,1,1.3412930946477462,1.811601254065605,Greenland,Europe & Central Asia
GTM,34.375,29.84293193717277,-4.5320680628272285,0,0,-1.4751773053132715,-0.636065256350532,Guatemala,Latin America & Caribbean 
GUY,34.89583333333333,31.413612565445025,-3.482220767888304,0,0,-1.4521947515113682,-0.5421695361637702,Guyana,Latin America & Caribbean 
HKG,99.47916666666666,99.47643979057592,-0.002726876090733299,1,1,4.673984441198113,5.132886229856471,"Hong Kong SAR, China",East Asia & Pacific
HND,41.66666666666667,35.07853403141361,-6.588132635253061,0,0,-0.9249390163593467,-0.27004878204276234,Honduras,Latin America & Caribbean 
HRV,67.1875,67.5392670157068,0.35176701570679825,1,1,0.8051944580998273,1.7523472405880085,Croatia,Europe & Central Asia
HTI,17.1875,8.37696335078534,-8.81053664921466,0,0,-3.1233385789936334,-2.7701884959026115,Haiti,Latin America & Caribbean 
HUN,73.95833333333334,75.39267015706807,1.434336823734725,1,1,1.2462046168635528,2.067169411055498,Hungary,Europe & Central Asia
IDN,28.125,29.31937172774869,1.1943717277486883,0,0,-1.8119578818999071,-0.6989422981202007,Indonesia,East Asia & Pacific
IND,22.916666666666664,23.036649214659686,0.11998254799302188,0,0,-2.7042762390873065,-1.3027179702289442,India,South Asia
IRL,90.625,93.717277486911,3.0922774869110015,1,1,2.5937421096001994,3.7139785875502893,Ireland,Europe & Central Asia
IRN,54.166666666666664,48.69109947643979,-5.475567190226876,1,1,-0.1880631471600218,0.5095639962225897,"Iran, Islamic Rep.","Middle East, North Africa, Afghanistan & Pakistan"
IRQ,41.14583333333333,51.30890052356021,10.163067190226883,0,1,-1.0577102384325787,0.774626496354417,Iraq,"Middle East, North Africa, Afghanistan & Pakistan"
ISL,90.10416666666666,90.0523560209424,-0.05181064572425953,1,1,2.571178794587268,2.9365582625306073,Iceland,Europe & Central Asia
ISR,86.97916666666666,88.48167539267016,1.502508726003498,1,1,2.36760986747066,2.8918492674919087,Israel,"Middle East, North Africa, Afghanistan & Pakistan"
ITA,79.16666666666666,77.4869109947644,-1.6797556719022566,1,1,1.7114738421154276,2.2882428742844563,Italy,Europe & Central Asia
JAM,59.375,45.0261780104712,-14.348821989528801,1,1,-0.010840736909721295,0.318728004866541,Jamaica,Latin America & Caribbean 
JOR,71.875,67.01570680628272,-4.859293193717278,1,1,1.1784403987203456,1.6363673458420702,Jordan,"Middle East, North Africa, Afghanistan & Pakistan"
JPN,84.89583333333334,87.43455497382199,2.538721640488646,1,1,2.3184967134715215,2.8329732325513035,Japan,East Asia & Pacific
KAZ,59.895833333333336,61.25654450261781,1.3607111692844711,1,1,0.026108433233977647,1.3073444464952353,Kazakhstan,Europe & Central Asia
KEN,13.541666666666666,13.089005235602095,-0.4526614310645716,0,0,-3.235152455323444,-2.552414111146399,Kenya,Sub-Saharan Africa 
KGZ,25.0,32.460732984293195,7.460732984293195,0,0,-2.3066488501028606,-0.4371600852728101,Kyrgyz Republic,Europe & Central Asia
KHM,21.875,27.748691099476442,5.873691099476442,0,0,-2.8548609291699156,-0.8301919803856534,Cambodia,East Asia & Pacific
KIR,28.645833333333332,25.13089005235602,-3.514943280977313,0,0,-1.8024744521493252,-1.1151827115346844,Kiribati,East Asia & Pacific
KNA,65.625,62.30366492146597,-3.3213350785340268,1,1,0.6854747913649333,1.3728121302650365,St. Kitts and Nevis,Latin America & Caribbean 
KOR,83.33333333333334,90.57591623036649,7.242582897033145,1,1,2.057144415940675,3.0173729132142624,"Korea, Rep.",East Asia & Pacific
KWT,91.66666666666666,93.19371727748691,1.527050610820254,1,1,2.6457826273363247,3.5523630658725303,Kuwait,"Middle East, North Africa, Afghanistan & Pakistan"
LAO,17.708333333333336,21.465968586387437,3.757635253054101,0,0,-3.1103079856369513,-1.5450013676392609,Lao PDR,East Asia & Pacific
LBN,73.4375,47.12041884816754,-26.31708115183246,1,1,1.2157813298649087,0.47567719826582366,Lebanon,"Middle East, North Africa, Afghanistan & Pakistan"
LBR,2.083333333333333,7.853403141361256,5.770069808027923,0,0,-4.533402199207596,-2.866218664506523,Liberia,Sub-Saharan Africa 
LBY,66.14583333333334,66.49214659685863,0.346313263525289,1,1,0.7695005874407235,1.5812535771049037,Libya,"Middle East, North Africa, Afghanistan & Pakistan"
LKA,30.208333333333332,26.17801047120419,-4.030322862129143,0,0,-1.7243624567720817,-1.0460858240651334,Sri Lanka,South Asia
LSO,13.020833333333334,24.083769633507853,11.062936300174519,0,0,-3.338413416739312,-1.2879218679469726,Lesotho,Sub-Saharan Africa 
LTU,67.70833333333334,76.96335078534031,9.255017452006967,1,1,0.9249297309545399,2.2418956646636614,Lithuania,Europe & Central Asia
LUX,100.0,100.0,0.0,1,1,4.713048136407987,5.397917314061273,Luxembourg,Europe & Central Asia
LVA,69.79166666666666,72.25130890052355,2.459642233856897,1,1,1.0533053022595655,1.9306983389360999,Latvia,Europe & Central Asia
MAC,96.35416666666666,91.62303664921467,-4.731130017451989,1,1,3.124749903885035,3.2366557817091377,"Macao SAR, China",East Asia & Pacific
MAR,38.54166666666667,45.54973821989529,7.008071553228618,0,1,-1.1134157052835465,0.4062852642240299,Morocco,"Middle East, North Africa, Afghanistan & Pakistan"
MDA,40.625,38.7434554973822,-1.8815445026177997,0,1,-1.0586120996397006,0.03609274185758689,Moldova,Europe & Central Asia
MDG,10.9375,6.282722513089005,-4.654777486910995,0,0,-3.6291924751197806,-3.02801045142253,Madagascar,Sub-Saharan Africa 
MDV,58.333333333333336,69.63350785340315,11.30017452006981,1,1,-0.034754585790846684,1.8151080746881334,Maldives,South Asia
MEX,65.10416666666666,60.73298429319372,-4.371182373472941,1,1,0.5508521611110722,1.2784986551765878,Mexico,Latin America & Caribbean 
MHL,51.5625,38.21989528795812,-13.342604712041883,1,0,-0.29130128103884995,-0.06335468026199523,Marshall Islands,East Asia & Pacific
MKD,63.020833333333336,63.87434554973822,0.8535122164048872,1,1,0.15303301599457614,1.4086116813402243,North Macedonia,Europe & Central Asia
MLI,8.333333333333332,5.7591623036649215,-2.5741710296684106,0,0,-3.9560923137429675,-3.09614807154681,Mali,Sub-Saharan Africa 
MLT,92.1875,97.38219895287958,5.194698952879577,1,1,2.6985613083939923,4.119372149407296,Malta,"Middle East, North Africa, Afghanistan & Pakistan"
MMR,9.375,11.518324607329843,2.143324607329843,0,0,-3.8133395968540733,-2.6039642819775617,Myanmar,East Asia & Pacific
MNE,61.458333333333336,65.44502617801047,3.9866928446771297,1,1,0.1028658239769305,1.5440296606504422,Montenegro,Europe & Central Asia
MNG,40.10416666666667,53.92670157068062,13.82253490401395,0,1,-1.0859252191180773,0.8797423393767201,Mongolia,East Asia & Pacific
MOZ,11.458333333333332,12.56544502617801,1.1071116928446774,0,0,-3.6109860186354683,-2.561725177995678,Mozambique,Sub-Saharan Africa 
MRT,24.479166666666664,26.701570680628272,2.222404013961608,0,0,-2.312613943273443,-1.0311855509494987,Mauritania,Sub-Saharan Africa 
MUS,61.979166666666664,57.59162303664922,-4.387543630017447,1,1,0.13178834937570597,1.1907509170820254,Mauritius,Sub-Saharan Africa 
MWI,6.25,2.6178010471204187,-3.6321989528795813,0,0,-4.212586372077033,-3.735768905095495,Malawi,Sub-Saharan Africa 
MYS,72.39583333333334,73.29842931937172,0.9025959860383779,1,1,1.1895821719428907,1.939465269628626,Malaysia,East Asia & Pacific
NAM,29.6875,37.17277486910995,7.485274869109951,0,0,-1.7480100863498995,-0.1494914559661285,Namibia,Sub-Saharan Africa 
NER,1.5625,3.1413612565445024,1.5788612565445024,0,0,-4.772351117235907,-3.6661850598178525,Niger,Sub-Saharan Africa 
NGA,14.0625,9.947643979057592,-4.114856020942408,0,0,-3.232088301782569,-2.6750937839843387,Nigeria,Sub-Saharan Africa 
NIC,30.729166666666668,30.89005235602094,0.1608856893542736,0,0,-1.675524494620685,-0.545744238507659,Nicaragua,Latin America & Caribbean 
NLD,97.39583333333334,94.24083769633508,-3.1549956369982652,1,1,3.1676093841996806,3.7239285807247806,Netherlands,Europe & Central Asia
NOR,89.0625,84.29319371727748,-4.769306282722525,1,1,2.5374391103293514,2.766560729035891,Norway,Europe & Central Asia
NPL,15.104166666666666,20.418848167539267,5.3146815008726005,0,0,-3.2064552319047657,-1.7626115682170735,Nepal,South Asia
NZL,82.29166666666666,81.15183246073299,-1.139834205933667,1,1,2.0351320699191824,2.5626409963156753,New Zealand,East Asia & Pacific
OMN,75.0,82.72251308900523,7.722513089005233,1,1,1.3205895376837895,2.6774035718721456,Oman,"Middle East, North Africa, Afghanistan & Pakistan"
PAK,15.625,9.424083769633508,-6.2009162303664915,0,0,-3.187850361566118,-2.6930914808886803,Pakistan,"Middle East, North Africa, Afghanistan & Pakistan"
PAN,68.22916666666666,72.77486910994764,4.545702443280987,1,1,0.9624694967443568,1.9310323347557712,Panama,Latin America & Caribbean 
PER,45.3125,49.21465968586388,3.9021596858638787,1,1,-0.660349024831144,0.551532779109091,Peru,Latin America & Caribbean 
PHL,32.29166666666667,35.602094240837694,3.3104275741710225,0,0,-1.5585294095926834,-0.22541351822991698,Philippines,East Asia & Pacific
PLW,88.54166666666666,83.7696335078534,-4.772033158813258,1,1,2.432006832073683,2.7065569679696466,Palau,East Asia & Pacific
POL,68.75,71.20418848167539,2.454188481675388,1,1,0.9934614380712073,1.8434468358291232,Poland,Europe & Central Asia
PRI,85.41666666666666,86.91099476439791,1.4943280977312554,1,1,2.3239833538572534,2.8328724979732787,Puerto Rico (US),Latin America & Caribbean 
PRT,74.47916666666666,75.91623036649214,1.4370636998254867,1,1,1.2817698709048424,2.1189601361434867,Portugal,Europe & Central Asia
PRY,38.02083333333333,40.31413612565445,2.2933027923211213,0,1,-1.1241188641388282,0.13298244344765958,Paraguay,Latin America & Caribbean 
PSE,53.125,42.40837696335078,-10.716623036649217,1,1,-0.2240641244729666,0.22677377934444848,West Bank and Gaza,"Middle East, North Africa, Afghanistan & Pakistan"
PYF,71.35416666666666,68.58638743455498,-2.7677792321116783,1,1,1.1709084181862095,1.767972902537565,French Polynesia,East Asia & Pacific
QAT,97.91666666666666,97.90575916230367,-0.01090750436299004,1,1,3.174262916579352,4.310281814032984,Qatar,"Middle East, North Africa, Afghanistan & Pakistan"
ROU,45.83333333333333,58.63874345549738,12.805410122164048,1,1,-0.5190354343420592,1.2219540552515908,Romania,Europe & Central Asia
RUS,58.854166666666664,61.78010471204188,2.9259380453752186,1,1,-0.022576236961589675,1.3277196716378836,Russian Federation,Europe & Central Asia
RWA,2.604166666666667,8.900523560209423,6.2963568935427565,0,0,-4.506290380555847,-2.710943137816828,Rwanda,Sub-Saharan Africa 
SAU,72.91666666666666,78.01047120418848,5.0938045375218195,1,1,1.1987068149940514,2.2925788260850335,Saudi Arabia,"Middle East, North Africa, Afghanistan & Pakistan"
SDN,6.770833333333333,0.5235602094240838,-6.247273123909249,0,0,-4.2085483512674315,-4.618679763078515,Sudan,Sub-Saharan Africa 
SEN,23.958333333333336,24.60732984293194,0.6489965095986037,0,0,-2.4845998942641487,-1.2168002143163665,Senegal,Sub-Saharan Africa 
SGP,98.95833333333334,98.95287958115183,-0.0054537521815092305,1,1,4.577722892553003,4.952519270946513,Singapore,East Asia & Pacific
SLB,20.833333333333336,18.32460732984293,-2.5087260034904055,0,0,-2.9658362611934384,-1.9773639505607372,Solomon Islands,East Asia & Pacific
SLE,3.125,5.2356020942408374,2.1106020942408374,0,0,-4.450455815114302,-3.219843436384938,Sierra Leone,Sub-Saharan Africa 
SLV,43.22916666666667,48.167539267015705,4.938372600349034,0,1,-0.7209728265376175,0.48694693791010946,El Salvador,Latin America & Caribbean 
SRB,52.604166666666664,62.82722513089005,10.223058464223385,1,1,-0.27790995683743785,1.3933289316685957,Serbia,Europe & Central Asia
SUR,46.35416666666667,37.696335078534034,-8.657831588132638,1,1,-0.48683760826399725,-0.08764393373566258,Suriname,Latin America & Caribbean 
SVK,80.20833333333334,76.43979057591623,-3.7685427574171086,1,1,1.8210753295366586,2.228519286799308,Slovak Republic,Europe & Central Asia
SVN,78.64583333333334,80.10471204188482,1.458878708551481,1,1,1.711007877203633,2.5262205619701716,Slovenia,Europe & Central Asia
SWE,94.27083333333334,91.09947643979058,-3.1713568935427645,1,1,2.9022949326081284,3.113341184236175,Sweden,Europe & Central Asia
SWZ,22.395833333333336,28.272251308900525,5.87641797556719,0,0,-2.817095800946422,-0.7744558938178219,Eswatini,Sub-Saharan Africa 
SYC,76.04166666666666,79.05759162303664,3.015924956369986,1,1,1.3349884528350415,2.4069988100313258,Seychelles,Sub-Saharan Africa 
TCD,5.729166666666666,2.094240837696335,-3.634925828970331,0,0,-4.217968217006586,-4.155340336711796,Chad,Sub-Saharan Africa 
TGO,20.3125,10.99476439790576,-9.31773560209424,0,0,-3.0261408726873458,-2.6065804249379907,Togo,Sub-Saharan Africa 
THA,54.6875,56.02094240837696,1.3334424083769605,1,1,-0.1784206071822839,1.0833568527875594,Thailand,East Asia & Pacific
TJK,23.4375,17.801047120418847,-5.636452879581153,0,0,-2.5850007897447207,-2.151148401740702,Tajikistan,Europe & Central Asia
TKM,32.8125,36.12565445026178,3.313154450261777,0,1,-1.4993760075918339,-0.2043870454386765,Turkmenistan,Europe & Central Asia
TLS,19.270833333333336,21.98952879581152,2.718695462478184,0,0,-3.0545979288882967,-1.5211040364275583,Timor-Leste,East Asia & Pacific
TON,27.083333333333332,23.56020942408377,-3.5231239092495628,0,0,-1.934387539692973,-1.2953024601239345,Tonga,East Asia & Pacific
TTO,70.83333333333334,74.86910994764398,4.035776614310635,1,1,1.1284280860151497,2.029950764644629,Trinidad and Tobago,Latin America & Caribbean 
TUN,56.25,52.879581151832454,-3.370418848167546,1,1,-0.11187401065337352,0.8613573676961609,Tunisia,"Middle East, North Africa, Afghanistan & Pakistan"
TUR,48.4375,58.1151832460733,9.6776832460733,1,1,-0.4295876907714725,1.212198103750651,Turkiye,Europe & Central Asia
TZA,9.895833333333332,6.806282722513089,-3.0895506108202433,0,0,-3.771884401292506,-2.9763663435235004,Tanzania,Sub-Saharan Africa 
UGA,5.208333333333334,4.18848167539267,-1.0198516579406638,0,0,-4.230212008123933,-3.2414469712493164,Uganda,Sub-Saharan Africa 
UKR,46.875,43.455497382198956,-3.4195026178010437,0,1,-0.4806649346569624,0.2360884028810673,Ukraine,Europe & Central Asia
URY,64.0625,65.96858638743456,1.9060863874345557,1,1,0.334766879192192,1.568529725504143,Uruguay,Latin America & Caribbean 
USA,84.375,74.3455497382199,-10.029450261780099,1,1,2.2520361596176155,2.012910280118669,United States,North America
UZB,29.166666666666668,31.93717277486911,2.7705061082024436,0,0,-1.7955262553125406,-0.5061581170682965,Uzbekistan,Europe & Central Asia
VCT,51.041666666666664,51.832460732984295,0.7907940663176305,1,1,-0.32964125388300525,0.7798221494794964,St. Vincent and the Grenadines,Latin America & Caribbean 
VEN,60.9375,32.98429319371728,-27.953206806282722,1,1,0.08302772576076017,-0.4282688595363043,"Venezuela, RB",Latin America & Caribbean 
VNM,33.85416666666667,44.50261780104712,10.648451134380451,0,1,-1.4810048281948127,0.31511030994287803,Viet Nam,East Asia & Pacific
WSM,35.9375,33.50785340314136,-2.429646596858639,0,0,-1.3241893315139517,-0.4030659156794054,Samoa,East Asia & Pacific
ZAF,48.95833333333333,53.403141361256544,4.444808027923216,1,1,-0.4047464863903127,0.8632831479834169,South Africa,Sub-Saharan Africa 
ZMB,16.145833333333336,27.225130890052355,11.07929755671902,0,0,-3.1748654497532427,-0.9923032123844733,Zambia,Sub-Saharan Africa 
ZWE,14.583333333333334,15.706806282722512,1.1234729493891784,0,0,-3.2298523594349913,-2.3590645333756606,Zimbabwe,Sub-Saharan Africa 
