countryiso3code,NY.GDP.PCAP.KD,NY.GDP.MKTP.KD.ZG,FP.CPI.TOTL.ZG,SL.UEM.TOTL.ZS,NE.GDI.TOTL.ZS,NE.EXP.GNFS.ZS,NE.IMP.GNFS.ZS,NV.AGR.TOTL.ZS,NV.IND.TOTL.ZS,NV.SRV.TOTL.ZS,SP.URB.TOTL.IN.ZS,SP.DYN.LE00.IN,IT.NET.USER.ZS,EN.GHG.CO2.PC.CE.AR5,country,region,income
AFG,378.06630312259,2.26694373649188,-4.64470870797774,14.008,15.2924823859473,16.8527881206002,50.7318770310383,34.7432471445174,13.4498227120978,46.3743698691993,25.4730529631167,66.035,15.92840004,0.280995468771367,Afghanistan,"Middle East, North Africa, Afghanistan & Pakistan",Low income
AGO,2809.15727975557,1.26330814020108,13.6441017767714,14.051,12.3076318613212,32.3263024339928,20.7071811983153,20.6897623256468,35.1292267229987,41.8051676690801,69.8515032220457,64.617,37.88589859,0.743838637301548,Angola,Sub-Saharan Africa ,Lower middle income
ALB,6198.17195301204,4.01541716935742,4.75834555150038,10.669,23.4392861436214,38.4188212901288,43.9336721089435,16.2742388313006,23.160711973189,47.6649908239316,58.2106086137857,79.602,83.13559161,1.74914408919284,Albania,Europe & Central Asia,Upper middle income
ARE,41926.5823645673,4.30118228020602,1.62670837213248,2.151,26.6386707861598,106.846139017261,92.1988402202852,0.764068711477443,45.4007387994769,53.8351924890457,85.6680699002526,82.909,100.0,18.3804823292732,United Arab Emirates,"Middle East, North Africa, Afghanistan & Pakistan",High income
ARG,12993.0928872416,-1.85578803046339,133.488935594175,6.139,19.3822632919135,12.8223120961047,13.8546391521167,5.8467786039069,25.1722105252735,53.1990739500308,92.1945132257907,77.395,89.22897166,4.16990486776205,Argentina,Latin America & Caribbean ,Upper middle income
ARM,5197.23509013575,8.29999999959539,1.98041877615553,12.405,22.9413054452812,61.008329479156,62.4104205984709,8.10223799188799,22.8800961616671,60.3450320849135,65.6956882008852,77.4658536585366,79.99663036,2.52966973653139,Armenia,Europe & Central Asia,Upper middle income
ATG,17789.4058123944,2.42736300110336,5.06713865364212,,,,,1.94326780682544,18.9871150486925,69.0617140789051,24.4500156687422,77.598,72.12409973,3.68747053024133,Antigua and Barbuda,Latin America & Caribbean ,High income
AUS,61869.082498576,3.58382100798981,5.59701792296707,3.668,23.873104248989,26.701068252275,22.3432710661529,2.57169831894523,27.5167800860919,63.6365823532904,87.4866955653765,83.0512195121951,96.1160965,14.1596700845561,Australia,East Asia & Pacific,High income
AUT,46497.9114640341,-0.786244288594673,7.81413417002831,5.264,26.0041363951547,58.4867595713944,56.6661552513376,1.24176172038934,26.0904948643547,62.579986897047,69.2265358276021,81.7926829268293,95.33467117,6.40359510066021,Austria,Europe & Central Asia,High income
AZE,5668.61021317029,1.35447749115767,8.7854304984908,5.64,17.7431851628057,48.9964135000536,34.5394726155785,5.51058894617326,45.8408458162374,39.7647496434616,58.5075350483702,74.429,89.0,4.1112835014681,Azerbaijan,Europe & Central Asia,Upper middle income
BDI,264.843307950214,3.254768974261,26.9414835762453,0.911,,,,33.4272042033939,18.155774589029,43.6322546713513,23.5534768372276,63.651,7.172299862,0.0693599815916636,Burundi,Sub-Saharan Africa ,Low income
BEL,44866.1935177304,1.71412195515242,4.04901077613941,5.547,25.3195552348258,82.7431955739295,83.1037509277838,0.774565666013089,19.4660546903987,70.2566485434437,87.551492636772,82.4,94.62625074,7.27763098404696,Belgium,Europe & Central Asia,High income
BEN,1263.62158336368,6.3527773854442,2.73870078406074,1.641,34.5306621756362,20.003519091069,24.6596117269521,25.4019723667563,17.3021977561605,47.7222264116164,51.7457922964593,60.774,32.39400101,0.488426291085402,Benin,Sub-Saharan Africa ,Lower middle income
BFA,745.405334618409,3.00027415814125,0.742910428668917,3.601,20.4019181340469,28.9402085370677,34.1924766322622,19.00655933992,25.7539427182556,47.5753324078222,27.7872478365158,61.092,25.36120033,0.272029919860247,Burkina Faso,Sub-Saharan Africa ,Low income
BGD,1885.37733613545,5.77511237007889,9.8835030377921,3.352,30.9512000834944,13.1571638341204,17.8258075763392,11.0036900209598,34.5942721606063,51.1119129405073,32.1578465036834,74.672,44.50274195,0.693947563901367,Bangladesh,South Asia,Lower middle income
BGR,9787.26510772747,1.68151074972904,9.44284140088564,4.319,19.7877526320657,62.0049747441024,57.8945312124535,2.52244655399312,22.7029866666098,62.4320967681537,73.7322671584613,75.7560975609756,80.38956462,5.73490257494032,Bulgaria,Europe & Central Asia,High income
BHR,25342.6226641572,3.87811614845566,0.0746206782192255,1.049,29.168098874443,87.351143952571,70.0967107297264,0.251492806718451,43.4381277604186,51.944952554339,100.0,81.284,100.0,24.5323732339754,Bahrain,"Middle East, North Africa, Afghanistan & Pakistan",High income
BHS,33009.645615121,3.04824180553773,3.05291578969742,8.645,22.8631485204272,37.8114502367185,38.7380249225672,0.454447231080524,9.77716369922666,78.5584724286734,81.3213799173676,74.552,92.38729858,3.52944121770479,"Bahamas, The",Latin America & Caribbean ,High income
BIH,6493.32400514463,1.99439414850893,6.1059011284828,10.668,27.0433997525874,43.9317394171743,55.70129237827,4.65322230628352,23.721885700131,55.9111157268349,51.5657239834305,77.85,83.3771539,6.53950474604507,Bosnia and Herzegovina,Europe & Central Asia,Upper middle income
BLR,6497.78450683592,4.12654007153881,5.00059903091312,3.461,24.7116791837371,66.0267285714941,65.5579463134666,7.2485995714987,31.6950575540559,48.8055640939767,78.8146420666327,74.1837804878049,91.51249979,5.86387585149229,Belarus,Europe & Central Asia,Upper middle income
BLZ,6165.69414825936,0.500127941638667,4.38984017487674,8.278,18.9112096493515,54.9308418513115,51.4696639994596,8.13711634166406,14.4095485383145,62.1308414974872,41.9459437504976,73.566,70.18720245,0.913632980301917,Belize,Latin America & Caribbean ,Upper middle income
BMU,115124.71719745,4.91721557264164,,,11.1992411450802,50.231290829656,23.3596278086106,0.192522835933524,4.63917441657433,91.4561682722087,100.0,82.309,,3.99239543726236,Bermuda,North America,High income
BOL,3122.77049447823,2.51636590154891,2.57688800489192,3.024,18.9835359683279,22.4028095381649,27.2055160212948,9.31098009756551,29.7722060416097,53.7978016916653,70.9151414044538,68.581,77.30039978,1.99475521348588,Bolivia,Latin America & Caribbean ,Lower middle income
BRA,9288.02594608687,3.24165532813583,4.59356282283203,7.947,15.7606472061782,17.9693243032658,15.6969055268626,6.02306023514157,22.1441739229749,59.1789358564203,87.6159710235763,75.848,84.15060238,2.27447826989363,Brazil,Latin America & Caribbean ,Upper middle income
BRB,21068.2610447067,2.914357359625,3.18718905472631,6.54,,,,1.65230332606514,12.2874052538677,75.4999480843111,59.4235740235775,76.178,69.67510223,2.44602176130568,Barbados,Latin America & Caribbean ,High income
BRN,28645.9645396284,1.12764418162719,0.35706431153689,5.296,29.6282073672206,76.7032024805205,60.1602321699593,1.17312222164113,61.7411860091314,38.8386100018623,74.8199193881365,75.327,98.97039795,21.14308997296,Brunei Darussalam,East Asia & Pacific,High income
BTN,3480.51388574877,4.63215704523927,4.22934419929251,3.126,45.2657365019991,28.3881079027315,53.348519966123,14.9931086936318,29.4044714570934,52.7907800936768,41.7352457989939,72.975,90.02140045,1.98465128404026,Bhutan,South Asia,Lower middle income
BWA,7269.05170664457,3.20806812224438,5.06761549343829,23.381,30.2958784873742,32.2498582865187,36.553499549563,1.66461568857115,34.0710602022733,59.1937353860275,67.0212655349864,69.163,,2.7096930785842,Botswana,Sub-Saharan Africa ,Upper middle income
CAF,397.467795750451,0.69996840076054,2.97913852618936,6.181,23.7477562200269,14.4408262093734,29.0397439989846,28.6110555239693,20.7068173193684,40.5107724497781,43.6983692134165,57.408,13.8416996,0.0645327701288385,Central African Republic,Sub-Saharan Africa ,Low income
CAN,45048.2842408265,1.52874550838358,3.87900159788425,5.415,23.8949011694691,33.3498760996793,33.2824552373876,,,,82.5250564408346,81.6263414634146,94.14530182,14.1478944295361,Canada,North America,High income
CHE,90077.4460280731,0.683328174376044,2.13540088016386,4.043,25.9871467150257,73.3331587674762,61.9868434816136,0.624912461460987,24.6708306418124,72.163278047058,85.1854212679815,84.1560975609756,97.34436623,3.78746475067225,Switzerland,Europe & Central Asia,High income
CHL,14280.3475638842,0.521367977246825,7.58168251407962,9.013,23.3620550113744,30.8110620735322,29.9136616139086,3.49022733362425,28.8030257311404,57.6027444991353,88.8158617217972,81.167,94.45742345,3.91719041336885,Chile,Latin America & Caribbean ,High income
CHN,12484.1578844175,5.41484330099675,0.23483682889305,4.67,41.1297102455381,19.102471716101,17.0027206530128,6.88951941080068,36.7725030223561,56.3379775668432,65.5301448035523,77.953,90.6,9.23027553501428,China,East Asia & Pacific,Upper middle income
CIV,2315.38147441648,6.60000045223954,4.36972254867474,2.263,24.5444478808032,22.4353390507141,26.3816648596191,15.9442578438607,23.9006374307143,52.2715206592214,53.4075201638704,61.944,40.65284979,0.575152377678325,Cote d'Ivoire,Sub-Saharan Africa ,Lower middle income
CMR,1468.17837007337,3.34756290750219,7.38281384280983,3.607,19.2850918964923,16.8527562193087,21.0375759049491,17.0996372773511,25.1308706019034,50.8743844860078,55.1286878511388,63.7,42.24380112,0.364184752751828,Cameroon,Sub-Saharan Africa ,Lower middle income
COD,539.45912637913,8.5334898318451,,4.469,34.0781273164972,42.0539835211192,44.6860746587097,10.3773951595278,39.5009688150508,45.9224027196,44.3754734892194,61.895,18.96789932,0.0580434409082674,"Congo, Dem. Rep.",Sub-Saharan Africa ,Low income
COG,1677.08549205924,1.90686426346754,4.30174563591016,19.919,25.2109559920067,56.8959278033859,39.314466600576,8.95211587630601,45.2236339577947,40.4265379027812,63.6626757615625,65.772,43.15039825,1.27244805620677,"Congo, Rep.",Sub-Saharan Africa ,Lower middle income
COL,6828.59753791113,0.712380031974334,11.7359044948689,9.591,16.4396849097732,17.8316784070298,22.5564540863658,8.80792294653033,24.6925648854384,56.7402222191369,78.275571579544,77.725,77.33686322,1.77360964835025,Colombia,Latin America & Caribbean ,Upper middle income
COM,1382.51308503106,2.99521564038136,8.37373955490995,3.833,13.0144879484644,10.354880611033,35.3288983085942,35.9427703872294,9.52779062082263,50.5781728477271,33.1502180946901,66.777,31.92749977,0.515412394592109,Comoros,Sub-Saharan Africa ,Lower middle income
CPV,4168.67748407593,4.7947613911073,3.72437535861454,11.882,21.7251071461541,39.2805048495495,55.7519894851197,4.85483833304009,10.9776694022766,68.8870203755182,75.9064245753376,76.059,74.59919739,1.24595323654924,Cabo Verde,Sub-Saharan Africa ,Upper middle income
CRI,14318.8389652137,5.11192183224598,0.525193508693455,8.325,15.2565937229937,38.9156320351491,33.5563670450278,3.80047657288839,20.459253835237,67.9930784438128,78.8819393641702,80.799,85.39514799,1.58608566210135,Costa Rica,Latin America & Caribbean ,High income
CUB,7433.42885399674,-1.92937123169681,,1.73,21.4185705757855,45.6267674849104,74.9071109422767,1.40578740133741,24.497265486032,73.2022454972474,77.1259872296321,78.085,69.55580139,1.81740702369189,Cuba,Latin America & Caribbean ,Upper middle income
CYP,31884.84375,3.61945644636856,3.54134188751663,5.835,21.4725198606437,96.3899953620863,94.350793046243,1.15495918435607,11.3336799309353,76.2218713773525,66.6739477522639,81.648,91.22110357,5.35563459868429,Cyprus,Europe & Central Asia,High income
CZE,20272.5874017334,0.0475803308973752,10.6612601372427,2.579,28.2189210871769,68.4031069284452,63.489491367431,2.14121915412639,30.0237282227463,59.6975973460946,72.7352388396817,79.8268292682927,85.99404818,7.88005974203708,Czechia,Europe & Central Asia,High income
DEU,44368.9920074881,-0.869647578573321,5.94643667725823,3.071,21.994283425489,42.9672624196847,38.9952859590786,0.929156663056282,26.7958505063624,63.6154489715143,81.9034366692129,81.0414634146342,92.4763763,7.07982839106762,Germany,Europe & Central Asia,High income
DJI,3117.8155381531,6.80733529403308,1.44905087029085,26.074,-3.7352612180732,150.741322598259,135.160721202385,2.50202235262172,14.432376023443,77.1152748633996,72.8408245988921,65.987,64.75869751,0.763263436905869,Djibouti,"Middle East, North Africa, Afghanistan & Pakistan",Lower middle income
DMA,8946.98822588042,3.65221012208734,5.08677483158111,,,,,12.1097217072814,12.7501207770175,58.3190086172998,73.1105011438027,71.132,81.33650208,1.22387610885581,Dominica,Latin America & Caribbean ,Upper middle income
DNK,59026.9843650999,0.604587766175584,3.30517811237605,5.094,23.6446197797629,69.3143620591443,60.3109753721333,1.03787056976317,23.6155835404278,63.9079515293954,88.552638542867,81.7536585365854,98.77559197,4.4073670007762,Denmark,Europe & Central Asia,High income
DOM,8809.96335385949,2.19229848237939,4.78561281021135,5.555,27.8145628515185,21.3233165320401,28.5202966444017,4.29425303998525,29.3086832346831,59.5911487632596,72.3577991823338,73.72,86.12689972,2.89366632939923,Dominican Republic,Latin America & Caribbean ,Upper middle income
DZA,4660.40545687895,4.10000000005964,9.32217375928322,11.645,37.6168765143841,23.7900604738163,19.9497379768844,13.3692450434856,37.5476547378243,45.5476795606292,74.732808364138,76.261,76.19760132,4.12827519079225,Algeria,"Middle East, North Africa, Afghanistan & Pakistan",Upper middle income
ECU,6174.81822806637,1.98823813984235,2.21568764237058,3.51,20.650593270293,28.5659295875425,28.4318239773666,7.99547363333803,27.5754259552504,58.6215899574019,63.1307729554263,77.392,72.6943146,2.60232947756693,Ecuador,Latin America & Caribbean ,Upper middle income
EGY,4111.3118478995,3.76028052279247,33.8847763115546,6.753,16.4907339937373,19.1060913405676,21.3443094314355,10.6003111645036,32.7344752545444,51.6487720818481,42.7098115041919,71.633,74.01190186,2.40830000255291,"Egypt, Arab Rep.","Middle East, North Africa, Afghanistan & Pakistan",Lower middle income
ESP,28558.6319817501,2.46085796805582,3.53236133492432,12.179,21.1209265029601,37.8166476493913,33.9809889561819,2.6062235563618,19.9575232630573,68.6891967410021,80.128491001856,83.9341463414634,95.44564516,4.57046216901007,Spain,Europe & Central Asia,High income
EST,20126.3730486957,-2.74421914571231,9.15922507983982,6.378,25.2415123920517,77.7746597010983,76.8179574100507,1.71558125919165,21.3455594501819,65.135665233461,70.6770085523126,78.7926829268293,93.18342241,8.37350742837627,Estonia,Europe & Central Asia,High income
ETH,842.44660489404,6.59424599357075,30.2188278135278,3.375,22.1694039604718,6.59591829014293,14.0022832171223,35.7864807848152,24.483682223713,36.9795925805402,23.0586471557617,67.315,20.33749962,0.147767891652244,Ethiopia,Sub-Saharan Africa ,Not classified
FIN,45357.0296547377,-0.939093459613758,6.25064322154762,7.149,22.9633348970856,42.7930569401278,42.7703336656307,2.33793174221545,23.4698440157157,61.7735882249458,74.0062548602828,81.5853658536585,93.51385075,5.88954587564164,Finland,Europe & Central Asia,High income
FJI,5761.5694863591,9.44245856738313,2.97544080604538,5.316,,,,12.8245910153207,17.2796027005972,56.2280901064659,58.6069049738768,67.316,74.1160965,1.55581645737411,Fiji,East Asia & Pacific,Upper middle income
FRA,39319.4152227295,1.43921494437743,4.8783572650844,7.335,22.9278749312543,34.4562568778842,36.1698881831383,1.48475796304424,18.1109847493837,70.2119038407892,78.7804323126547,82.8317073170732,86.83635789,4.15598361008436,France,Europe & Central Asia,High income
FRO,59050.1954015578,3.15873872329266,,,31.3788787867634,57.1947583465234,56.1416424338352,17.7553649648471,19.8281002687084,51.6383848050944,39.1975270123645,82.9521195121951,,0.0385930091520565,Faroe Islands,Europe & Central Asia,High income
FSM,2923.05174793291,0.453118220707168,,,,27.6349844405977,70.2200424310269,23.4116566176501,5.05851594697164,69.6296730871947,22.4334012451903,67.198,39.39889908,0.0017757258279321,"Micronesia, Fed. Sts.",East Asia & Pacific,Lower middle income
GAB,6541.2536861807,2.43893665064327,3.62901534185376,20.161,18.0760661101408,63.728277780069,27.7503755386229,6.66942563555326,53.8697961936404,37.8093779849522,91.6375962797313,68.337,68.19789886,2.06073835645602,Gabon,Sub-Saharan Africa ,Upper middle income
GBR,47934.9375098983,0.271650048355255,6.79396706793963,4.025,18.4594014019513,31.9122697629938,33.0801144117865,0.648180849687737,17.6714033030008,72.4231913505155,83.1601932891335,81.2380975609756,95.44719696,4.44995911931321,United Kingdom,Europe & Central Asia,High income
GEO,6180.6206023429,7.83220126555726,2.48776056578715,11.549,24.9987945206376,49.2670598313658,57.8841193302132,6.01579508133932,18.8799548618776,62.0559151852007,60.7523077799724,74.496,81.88425624,3.64859696572424,Georgia,Europe & Central Asia,Upper middle income
GHA,2091.8133564595,3.14009099763754,38.1069656296501,2.829,10.1167734490213,31.7708164934404,32.6170450347243,20.9430687797207,29.4666223817331,43.1127691349534,57.8074737774654,65.498,70.67430115,0.687364126711107,Ghana,Sub-Saharan Africa ,Lower middle income
GIN,1016.88094800324,5.54172668627702,7.80497591927973,5.141,23.4269896966463,44.1320630492989,51.6974637089281,29.4714397653024,25.7306393241004,37.2149809110336,37.6454083954705,60.74,32.31560135,0.348923061715176,Guinea,Sub-Saharan Africa ,Lower middle income
GMB,735.612383709511,5.9167957146697,16.9742129632327,6.479,27.4459749812404,7.05322371368282,32.9087936094866,22.0375866633394,16.4224206331674,55.0253325907685,63.8020182456108,65.86,48.72829819,0.17562165357906,"Gambia, The",Sub-Saharan Africa ,Low income
GNB,779.085789155531,5.82749502627256,7.10220928557059,2.632,25.1622734938869,13.2079874141218,27.2665578750392,38.509293374487,15.0852922451244,42.1439231393491,45.5923843383789,64.085,28.71240044,0.152925294159443,Guinea-Bissau,Sub-Saharan Africa ,Low income
GNQ,5118.21986148331,-5.08930872071532,2.85949506037322,8.218,9.3599926039255,36.6023261927194,24.8409553263226,3.09341045540385,46.5038081676499,50.3746976135157,71.1290664883517,63.707,63.51950073,2.57914675064098,Equatorial Guinea,Sub-Saharan Africa ,Upper middle income
GRC,21050.8648111581,2.13591131996631,3.46480128513405,11.023,16.1682825755533,43.8388384656123,48.6322498290894,3.74222017907683,14.8477611524462,68.6654116276677,78.7746303842088,81.7365853658537,85.0102229,4.92324127436463,Greece,Europe & Central Asia,High income
GRD,9817.86383583917,4.52657497450693,2.69612269814564,,,,,3.10780887557402,14.783570238864,65.0688822807227,36.462128238584,75.205,69.4131012,1.45113212220599,Grenada,Latin America & Caribbean ,Upper middle income
GRL,49929.7755428605,0.865961986998158,,,35.9956193360065,40.7986421686905,51.0914572688916,16.5579499888738,18.4467840952227,60.9876564756598,88.0631147749908,70.9724390243902,,10.2857645300273,Greenland,Europe & Central Asia,High income
GTM,4470.70728455461,3.5331575177533,6.20657592272126,2.344,16.4754437049976,16.6062377966274,31.6908329501082,9.68670752459035,22.3064386213323,61.4031875103546,55.6082319565539,72.602,56.72669983,1.11051475329048,Guatemala,Latin America & Caribbean ,Upper middle income
GUY,23101.3538282741,33.795011115873,2.82110335099641,11.917,,,,9.74362070901044,69.3012460921421,18.7671863536525,26.4651457279878,70.18,79.3553009,4.52651590785052,Guyana,Latin America & Caribbean ,High income
HKG,43550.6298747786,3.2238599613664,2.09660511249089,2.949,16.1396966154143,176.797005304001,176.210494843481,0.0379096657245673,6.277451826904,91.3704729624644,100.0,85.2473170731707,95.97781908,4.52746115364711,"Hong Kong SAR, China",East Asia & Pacific,High income
HND,2527.27366333188,3.57584760454412,6.66325180347457,6.07,22.1864309601857,37.3686804713719,61.4232993622646,11.9787948406632,25.824819269639,57.571815931058,58.3132392705102,72.884,58.0685997,1.11312971877201,Honduras,Latin America & Caribbean ,Lower middle income
HRV,17225.154484029,3.76164540703459,7.9412817758683,6.121,24.665931641659,52.5676679699973,54.7106460383067,2.68395350714236,21.1543842881963,59.8263852879851,57.2431560672198,78.4731707317073,83.24117599,4.83573016043274,Croatia,Europe & Central Asia,High income
HTI,1219.11871645847,-1.86388420254838,36.8135162780854,14.459,13.8536836673602,5.27068998656754,25.5147337129684,17.4571299152426,31.9840013125009,47.5486447484926,54.4496819335618,64.936,47.99269867,0.290485897277037,Haiti,Latin America & Caribbean ,Lower middle income
HUN,16375.0462724192,-0.817107370513455,17.1249659678737,4.096,26.0318946328214,81.23463230178,77.1511151656892,2.92332182995561,25.3398219332592,58.2753662016599,70.2923026891431,76.5707317073171,91.4500713,4.48048025757632,Hungary,Europe & Central Asia,High income
IDN,4192.65167890692,5.04902331835997,3.66938654859761,3.308,30.3425864737035,21.7538472039177,19.5824396668474,12.5294214769584,40.2156823106794,42.8793517397051,58.1179353397878,71.146,69.20836554,2.74747187282401,Indonesia,East Asia & Pacific,Upper middle income
IND,2270.9051808027,9.19075493028345,5.64914318907925,4.172,33.3623103638844,21.4486977833541,23.544144504402,16.1931893571591,25.302936496264,49.5071878364149,35.0676918424186,72.003,60.25230026,2.09622858892568,India,South Asia,Lower middle income
IRL,93541.9643678381,-2.53637409313261,6.29942487419125,4.243,26.6582803909323,136.52636667411,103.123260911001,0.846910710164401,34.0037014019007,60.2983373398224,64.1152082461268,82.8073170731707,96.8660965,6.1870780177041,Ireland,Europe & Central Asia,High income
IRN,5687.84396330117,5.33235117216407,44.5791857572797,8.129,43.772806898094,23.9216475542357,25.4719025417845,10.750872506583,38.77615836267,47.6289165729509,76.6759567260742,77.654,83.71050262,9.00722487961339,"Iran, Islamic Rep.","Middle East, North Africa, Afghanistan & Pakistan",Upper middle income
IRQ,4337.08705324182,0.517705525131191,4.35835351089586,15.239,24.0865197018349,39.6312322400043,29.8300885590124,3.10603121448412,53.9604851597879,43.6679408901657,69.868278503418,72.324,81.80889893,5.16873911194444,Iraq,"Middle East, North Africa, Afghanistan & Pakistan",Upper middle income
ISL,60019.4084189868,5.18615760140189,8.73630299937298,3.518,25.1512117728756,44.1458930228565,43.2590488893482,4.18531065954127,20.0165908882214,65.3769109593883,94.1518261784801,82.4560975609756,97.94860077,8.34925829026897,Iceland,Europe & Central Asia,High income
ISR,42011.6213954855,1.82652049482384,4.22522603168918,3.371,26.1101982037385,30.4105026275679,27.5798180861304,1.28614593929466,18.5022962917969,72.1468413146559,91.5089569794505,83.1951219512195,87.03842615,6.14077571327038,Israel,"Middle East, North Africa, Afghanistan & Pakistan",High income
ITA,34239.6554751239,0.975694840127005,5.62219442195901,7.627,23.0784564391973,33.3315893476608,31.7755885286565,1.85975769551569,23.6677353518388,64.3071085027142,69.5381540123301,83.3512195121951,87.0278292,5.1591446091273,Italy,Europe & Central Asia,High income
JAM,6127.90771263434,2.74634433906714,6.47413734662063,3.022,,,,7.78255651221101,16.7222660185948,59.8829097334048,58.4510149367429,71.479,89.47304282,2.7128452636924,Jamaica,Latin America & Caribbean ,Upper middle income
JOR,3958.23043952182,2.88408339281683,2.08486986327134,16.62,,43.5168833945194,56.8309853575149,4.81197818811884,24.7963140068339,60.7775742112037,92.682236868336,77.814,92.53443944,2.10161310922351,Jordan,"Middle East, North Africa, Afghanistan & Pakistan",Lower middle income
JPN,36952.5150709861,1.47503481053384,3.26813365933163,2.6,26.1821637488649,21.8515912402593,23.2992883238654,0.937452748505902,28.6021835997719,69.7727958101915,92.0826903891473,84.0412195121951,85.00990295,8.05063579850566,Japan,East Asia & Pacific,High income
KAZ,11453.3952725363,5.09999999973641,14.5275597825952,4.835,28.157135537565,34.650577449538,27.6837063179642,3.82500311361663,32.4284843310401,56.3444686710489,61.7560919499181,74.402,92.87846096,12.5643331681924,Kazakhstan,Europe & Central Asia,Upper middle income
KEN,1811.21651838425,5.71999241214208,7.67139634029402,5.409,16.5707504717762,16.890666978856,24.2204234378835,21.4522060902205,17.1222148239844,55.4743471461612,31.6330340816429,63.646,32.07040024,0.3843202596187,Kenya,Sub-Saharan Africa ,Lower middle income
KGZ,1298.25724482211,9.0132928339342,10.7532770416742,3.498,34.4590059457311,36.8882232535821,95.485180658754,9.49216108207808,23.5839337797005,51.299348443838,34.706439175362,72.2487804878049,91.04440308,1.44095214620233,Kyrgyz Republic,Europe & Central Asia,Lower middle income
KHM,2085.05748462122,5.00733043811898,2.12746796594194,0.256,33.2944796211269,66.8926660552171,67.3141763407136,17.0784472455351,40.5173741615592,36.1518032053909,40.6290788072508,70.668,68.92549896,1.08564797278218,Cambodia,East Asia & Pacific,Lower middle income
KIR,1968.80973802094,2.65201087489879,9.28307374517721,,25.8459739509243,5.92015763569494,101.683620874243,27.1870061420609,11.4550652843384,67.1060228718493,61.5244676194408,66.473,88.0,0.573455066777333,Kiribati,East Asia & Pacific,Lower middle income
KNA,21664.0333984701,3.02127526129283,3.55711230848243,,,,,1.3967146856778,21.3250720986857,65.4747286212486,31.7007809622822,72.145,76.58950043,2.7909662517644,St. Kitts and Nevis,Latin America & Caribbean ,High income
KOR,36347.7036392553,1.58301467403629,3.5974562502901,2.675,31.8912200894147,41.3214807367697,40.9365283348931,1.44773871445502,32.5234690063974,58.8846232184384,81.1645551720421,83.4292682926829,97.41597478,11.4162657281001,"Korea, Rep.",East Asia & Pacific,High income
KWT,24716.196765637,-1.6672059801285,3.64216403030709,2.08,17.7221661206743,57.7301505140508,38.3496376441492,0.468735596188185,60.2941364651985,52.0739013795774,100.0,83.1878048780488,99.74731125,22.6972114508944,Kuwait,"Middle East, North Africa, Afghanistan & Pakistan",High income
LAO,2648.88726608035,3.74568140158232,31.2301341732646,1.186,,,,16.1390568351887,30.5335808308347,43.9974165114598,38.8070088517156,68.964,64.39800262,3.35860711157858,Lao PDR,East Asia & Pacific,Lower middle income
LBN,5834.63415739394,-0.760584470257314,221.341644023365,10.985,1.89754409912655,30.5514119674735,73.6549981017088,0.966455367369224,2.0863020184691,42.3804623372256,90.4524074197598,77.817,81.7059021,1.87387427333851,Lebanon,"Middle East, North Africa, Afghanistan & Pakistan",Lower middle income
LBR,653.329188343162,4.68375688761311,10.0944535665552,2.905,,,,34.5650022779043,23.3467448747153,40.4903758542141,54.997863482224,62.163,31.22410011,0.152830013156671,Liberia,Sub-Saharan Africa ,Low income
LBY,7630.49664928174,10.2000497852517,2.37317531435169,18.713,16.880425672487,87.1799248702218,72.2539004719207,1.7692779613025,78.8995280792827,23.9767815007079,87.8647197919848,69.339,82.10469818,8.65140297405067,Libya,"Middle East, North Africa, Afghanistan & Pakistan",Upper middle income
LCA,11440.0829538276,2.20988276526516,4.07060821926204,12.094,,,,1.12520860480534,9.68490196526682,76.2502190826723,29.0976313248036,72.697,67.44390106,1.65658030510082,St. Lucia,Latin America & Caribbean ,Upper middle income
LKA,3964.91987394354,-2.3298481898334,16.5411742279832,4.528,24.5850342832275,20.689136230194,22.8470940659011,8.12391264498649,25.7826769471156,59.8415064855768,20.1455348442463,77.483,51.2,0.979275763488678,Sri Lanka,South Asia,Lower middle income
LSO,974.382478149793,1.82662476743647,6.34221743124953,16.348,27.2206687179899,42.9229806904018,98.5907752068479,6.63922934834694,28.7322628790645,50.5669605687668,42.6781596804785,57.375,48.98590088,0.428947441284169,Lesotho,Sub-Saharan Africa ,Lower middle income
LTU,18685.5523679178,0.342262716277261,9.11731962390475,6.841,21.9341715222081,76.4728581033646,72.5690509112436,2.71539099968174,24.2370942924201,63.0899070350123,68.575454583199,77.290243902439,88.50287484,4.51994281903548,Lithuania,Europe & Central Asia,High income
LUX,105422.829667869,0.0994399943552651,3.74140361983136,5.184,16.4259109763361,217.379822583978,185.187145613366,0.187252170632403,9.28622097638849,81.8147238273129,94.8015300320787,83.309756097561,99.34785707,10.4160977146887,Luxembourg,Europe & Central Asia,High income
LVA,16229.3844520245,-0.941606068823631,8.9380462331663,6.465,24.6916298440452,65.9896551482715,69.653334005995,3.93344279418518,20.1348662975065,63.8600315168596,68.3586316343061,75.4268292682927,92.18791291,3.66319656422698,Latvia,Europe & Central Asia,High income
MAC,59474.3964251614,75.3084184293413,0.476384495788075,2.206,15.2974689049317,92.4170435765852,53.4574236757415,,5.43429807775942,90.8612029225015,100.0,83.1804878048781,89.82640076,2.47569239835003,"Macao SAR, China",East Asia & Pacific,High income
MAR,3421.21704101563,3.65564411017931,6.09114152504141,8.896,28.9983598724931,42.4176033594569,50.7002810585209,11.1311743840061,25.3229740167851,53.7147502674415,62.673750838878,75.313,91.0,1.8573653487086,Morocco,"Middle East, North Africa, Afghanistan & Pakistan",Lower middle income
MDA,3760.7000642059,1.2000000493378,13.4170104381299,1.57,20.084591001224,35.1125857861262,58.882035362679,7.08454848490601,17.687867818777,61.5158191372832,43.0011825561523,71.198,76.50330353,3.33935095165033,Moldova,Europe & Central Asia,Upper middle income
MDG,445.834551910581,4.20304615840668,9.87432675044888,3.044,19.9083555489204,27.0030474850644,34.1299942035502,22.4047388943437,22.9390088108736,48.4583990467274,31.9799438860946,63.632,18.24080086,0.147269201638214,Madagascar,Sub-Saharan Africa ,Low income
MDV,11439.5364342871,4.94286301229583,2.92746542425035,4.019,33.0509347055178,74.0437692661116,75.3062069113229,5.08184565371649,9.64044739735597,70.7639209152849,41.5096832933973,81.041,84.55290222,3.41106552546227,Maldives,South Asia,Upper middle income
MEX,10259.1766616403,3.35354140652768,5.52796087314389,2.765,23.8945184286558,36.0693951643755,37.509466472149,3.83754974792513,32.6059323521063,57.5637379012085,79.4734935748046,75.069,81.18318755,3.66576524934041,Mexico,Latin America & Caribbean ,Upper middle income
MHL,5482.44553639985,-5.00791779654826,,,19.2966214781479,38.5738269806851,79.9197705616304,18.9385363020948,11.6835467367783,69.7185136873888,78.3593928884282,66.945,64.07589722,0.0025755273392227,Marshall Islands,East Asia & Pacific,Upper middle income
MKD,6423.99221393369,2.554965253403,9.36187249769015,13.174,29.6278058870411,67.3969980458635,80.3972554372264,6.2308866977397,24.0124323129383,56.9248687459104,62.2518322545779,75.3160975609756,88.5,4.38791431960329,North Macedonia,Europe & Central Asia,Upper middle income
MLI,892.360907760383,4.72541109080376,2.05880228274223,2.947,21.5452284920776,24.7499499048026,32.7833122774991,32.2126407432108,25.4644896482405,35.8983947013896,31.0031889023235,60.439,36.03879929,0.301946302024471,Mali,Sub-Saharan Africa ,Low income
MLT,33408.2005015872,10.6215185022616,5.09396758978883,3.479,19.838129805231,119.558228831642,101.503606640763,0.0533608475644054,11.088762805751,81.7289465869198,95.6272277147965,83.3560975609756,92.07266941,3.23421022637843,Malta,"Middle East, North Africa, Afghanistan & Pakistan",High income
MMR,1177.76649647177,0.958446625126115,,2.977,,,,22.7222309725462,37.5929250362669,39.6848439911869,30.3820718069466,66.889,,0.577107115225871,Myanmar,East Asia & Pacific,Lower middle income
MNE,8278.0284985113,6.47836283518564,8.58476910455403,13.146,25.4474865908397,49.229023063194,67.5776464751354,3.7692433716629,12.7498868945047,63.962450941937,65.4731667624849,77.5878048780488,88.5515976,,Montenegro,Europe & Central Asia,Upper middle income
MNG,4456.53627552726,7.4221127615025,10.347583131434,5.178,33.9003731595217,76.2571171270924,66.607129472089,9.92060281298024,39.5354090088486,41.0433684122384,70.4464492797852,72.1224390243902,83.74320221,7.79990491634218,Mongolia,East Asia & Pacific,Upper middle income
MOZ,610.433258850746,5.48149036541776,7.12697482131851,6.661,19.535274541865,45.6142812306282,60.4443321993941,25.3716008630861,21.5079878729437,41.1086180600705,35.7149783148407,63.611,19.94560051,0.318684376705804,Mozambique,Sub-Saharan Africa ,Low income
MRT,1634.89897144624,6.80949001978621,4.95305034506872,10.37,44.5439783104002,38.4070908149798,53.7583536996945,19.1616076506323,30.9364727932156,43.0208316833302,59.7142464747058,68.484,44.95629883,0.961166094335404,Mauritania,Sub-Saharan Africa ,Lower middle income
MUS,11348.4337725632,5.00791900868131,7.05298238454736,5.571,19.9232351140484,69.0411453509364,78.2802467779156,4.01265286259242,17.8391234046561,64.8658576788433,39.0039901092226,73.4121951219512,79.5,3.46174699494733,Mauritius,Sub-Saharan Africa ,Upper middle income
MWI,557.03523965791,1.94575281675984,28.7897428247298,5.009,14.4830771619003,11.2450363894528,31.1926320096439,28.869380408768,19.2940863985344,45.1244920082931,16.9748746665356,67.353,17.98810346,0.222924211075164,Malawi,Sub-Saharan Africa ,Low income
MYS,11445.3925275079,3.5370638041057,2.48886560125754,3.858,22.8017590224926,68.6789535653168,63.9145080762826,7.76530932127302,37.5648573322214,53.5466505609237,76.4434752105739,76.657,97.69272633,8.03895132928611,Malaysia,East Asia & Pacific,Upper middle income
NAM,3977.97779909619,4.44280600303956,5.87993463284275,19.154,28.0124983478241,43.6267689759435,67.1439449900398,7.67765766221879,30.1875010423548,53.2928482341831,49.9545837830821,67.385,63.69549942,1.21960315143456,Namibia,Sub-Saharan Africa ,Lower middle income
NER,557.572652727864,1.66763406484279,3.70097316425834,0.407,21.6844069972649,23.7067972001129,22.7687608629538,32.5058218469012,17.9994131440716,46.512254009267,17.7506873295237,61.183,12.98079967,0.120906578003627,Niger,Sub-Saharan Africa ,Low income
NGA,2280.91931156115,3.32684556421316,24.659550203114,3.074,,,,27.718291279131,19.1302382465391,51.7143247366227,62.1746763155343,54.462,40.06399918,0.552339272252252,Nigeria,Sub-Saharan Africa ,Lower middle income
NIC,2241.12235476653,4.42774384760374,8.38765854872536,4.698,22.1511227447242,45.8493717732877,59.1537258378154,15.3285746282408,27.201340643823,46.4982498786618,59.1250953674316,74.947,60.30120087,0.811432301333619,Nicaragua,Latin America & Caribbean ,Lower middle income
NLD,50960.7745021066,-0.598096167209832,3.83839354342808,3.535,20.0805040885297,87.4860612893795,77.5443681895531,1.75149243000648,18.1639849428596,70.0541740903295,95.3221682092129,81.8634146341464,97.00680272,6.87570596534106,Netherlands,Europe & Central Asia,High income
NOR,78775.7495154943,0.0721204806030329,5.51784987104659,3.574,24.2545661042046,47.9120990269837,32.4517466131432,2.08014844089816,39.0661168478106,49.9581990524857,83.0718560702166,83.0121951219512,99.00000258,7.53753758650308,Norway,Europe & Central Asia,High income
NPL,1136.42769313825,1.98254843628392,7.11587261530826,10.437,31.1493001529726,7.00596728087278,34.5641830124417,21.2987131119409,11.9717042539851,55.3711684726242,66.5432933453944,70.354,45.80680084,0.519690203752101,Nepal,South Asia,Lower middle income
NZL,42573.2308423434,1.39425181563566,5.73316283034957,3.734,23.8211315596966,23.7150117429638,26.6914199360875,,,,83.8898991461229,81.7585365853659,93.32610321,6.11076923076923,New Zealand,East Asia & Pacific,High income
OMN,17853.9645119949,1.41401395818599,0.950782997762827,3.176,26.6618980934734,61.5843427385221,44.8623882596847,2.41559850885954,55.3716024073653,45.3040383332988,79.5702973228932,80.031,95.25170135,18.9600910547646,Oman,"Middle East, North Africa, Afghanistan & Pakistan",High income
PAK,1610.33122837537,-0.414935997088406,30.7681280657005,5.237,13.9681470393061,10.4939587511564,17.9737337958273,23.426703596366,20.718694602313,50.9693352713894,38.8191861872791,67.649,,0.843982651709012,Pakistan,"Middle East, North Africa, Afghanistan & Pakistan",Lower middle income
PAN,16877.1508423953,7.16632946099945,1.48641355277038,6.544,37.492889940595,45.6292440103821,42.719666518479,2.49627491186875,27.1584907122297,67.7573455294967,65.8601271176084,79.594,68.54851592,2.85705058290883,Panama,Latin America & Caribbean ,High income
PER,6568.0002779793,-0.403242151494268,6.45561348369586,4.899,19.1844089781649,27.1353058241207,23.6498783827457,7.24050399871129,33.9694851252743,51.2061169826914,84.7810255849745,77.74,79.48484477,1.92281618030482,Peru,Latin America & Caribbean ,Upper middle income
PHL,3744.69763802928,5.51894967862863,5.97802515541409,2.2,23.4061516163008,26.6368493470555,40.7831199703412,9.40036652870699,28.1976225091774,62.4020109621156,55.1242716168851,69.833,77.86699677,1.41396992471112,Philippines,East Asia & Pacific,Lower middle income
PLW,13128.1314312511,2.21599800170485,12.8199748216534,,35.6249678298297,26.2814362699381,80.4161540116556,3.04062521469754,10.0673824813859,74.7688539101668,79.1531991438847,69.269,82.91629791,78.8571106222147,Palau,East Asia & Pacific,High income
PNG,2515.29070398356,3.81088622906051,2.29869991296791,2.649,,,,16.9595908086069,36.2878065224517,42.0273807046412,15.0581017891206,66.134,18.56130028,0.529181246501922,Papua New Guinea,East Asia & Pacific,Lower middle income
POL,17410.3830137066,0.249610834017872,11.5289127961105,2.743,17.6684506133329,57.8812710195434,52.1436640222717,2.76537109467644,29.3903798055442,58.2011282257295,59.8859561370214,78.2585365853659,86.414744,7.64977784033642,Poland,Europe & Central Asia,High income
PRI,30012.9242468103,0.731492105366186,,5.725,14.2399370270239,53.6448077849649,48.0127431667123,0.705611740327775,47.3948264740161,51.5791209748235,94.1774359275881,81.69,,4.56646374046755,Puerto Rico (US),Latin America & Caribbean ,High income
PRT,22417.1615864385,3.09997909018263,4.31128191898672,6.498,20.4972768619235,47.1554769314882,45.9803767757157,2.13721069426312,18.7118937244236,66.2923756073157,61.2048652633664,82.3292682926829,85.79012676,3.53665954067309,Portugal,Europe & Central Asia,High income
PRY,6449.23028812969,4.9992279112746,4.63202285403356,5.794,20.1583849669205,42.0641902129227,40.3410205612346,11.5900739623011,32.8917641916625,48.1394663805307,69.3466081733694,73.844,78.09481878,1.1312441318464,Paraguay,Latin America & Caribbean ,Upper middle income
PSE,2888.76306072177,-4.55580428525744,5.87110177678988,,25.5974092190118,17.745505073426,61.7876612934855,5.7037522621709,15.5805444898279,58.5346175180273,86.8576870415886,65.17,86.63765334,,West Bank and Gaza,"Middle East, North Africa, Afghanistan & Pakistan",Lower middle income
PYF,20664.9770259225,2.77284077155413,,11.613,22.6504245108896,24.0679217423403,47.6042820228867,,,,61.6967135028569,84.07,,3.30181631912578,French Polynesia,East Asia & Pacific,High income
QAT,65337.9507645329,1.53979117720789,3.02764899198902,0.13,,,,0.28697741980751,59.6406081898552,44.7463536800745,99.2835325193835,82.368,98.15229797,48.6426368357008,Qatar,"Middle East, North Africa, Afghanistan & Pakistan",High income
ROU,12340.8170509969,2.25773416555121,10.3971874764996,5.589,26.2097285719548,39.2445975462886,44.1307348599346,3.32416909916798,27.0872143657574,60.9101722747782,52.1645747011867,76.4048780487805,89.20335498,3.68569180458046,Romania,Europe & Central Asia,High income
RUS,10562.0263671875,4.08252481259281,5.86571931748967,3.076,27.0076136288036,22.4927119538767,18.3416144566506,2.97223589780661,30.4081329218998,56.7354628143178,74.9805047873279,73.2546341463415,92.24496346,13.5462339145189,Russian Federation,Europe & Central Asia,High income
RWA,1004.33216650024,8.24990302014558,19.789546746467,12.352,23.5855215423605,25.0057307202908,39.9011734217134,26.612127488198,20.703253350416,45.7143367527107,28.8555310645477,67.785,28.80579948,0.163983285357073,Rwanda,Sub-Saharan Africa ,Low income
SAU,25634.8237547841,0.542592439393161,2.32708518362706,4.008,29.2016398479372,30.2425196271434,23.9264922012249,2.457692991125,47.6053309500947,44.7549856751834,84.2962388315415,78.732,100.0,18.8540744665469,Saudi Arabia,"Middle East, North Africa, Afghanistan & Pakistan",High income
SDN,677.723205566406,-29.4332718325149,,,2.17279846218936,1.10810859308483,1.36562018959182,30.2756760074835,28.3364187360641,41.3879052564524,34.7960076976764,66.331,,0.433700830155536,Sudan,Sub-Saharan Africa ,Low income
SEN,1458.96642332589,4.2574308328029,5.93947798773215,2.784,41.928839419992,23.1048516643818,48.2881732483628,17.4112512141863,22.888647826957,49.5867335830147,54.6992276190794,68.683,59.18740082,0.758785485197598,Senegal,Sub-Saharan Africa ,Lower middle income
SGP,66167.3596303607,1.82140694115385,4.83372362825798,3.444,21.2437977714338,181.561322405378,144.131901648402,0.0288498020075513,22.1459950271664,72.6907302698223,100.0,83.0975609756098,94.28518987,9.48033745839563,Singapore,East Asia & Pacific,High income
SLB,1795.88798697142,2.84111851154807,5.88585897042164,1.443,21.2240408441806,36.2593066478577,64.8752251453121,30.5256379940952,21.4812056446758,47.9646258450637,30.0088821088389,70.528,28.67239952,0.374747657827139,Solomon Islands,East Asia & Pacific,Lower middle income
SLE,1113.86837500697,5.7100218981806,47.6428733253179,3.092,19.7051016386647,20.9636585202107,34.3231384246837,29.052620232572,26.0790881246429,42.1624443712256,44.809324991151,61.786,23.71360016,0.16670385905723,Sierra Leone,Sub-Saharan Africa ,Low income
SLV,4489.17787712717,3.5391566928735,4.04554694222477,2.992,20.6846824919049,31.3971431390261,50.3176292035728,4.4504125664546,23.184509690748,60.761908362808,74.6080675149903,72.099,62.61989975,1.46387486797945,El Salvador,Latin America & Caribbean ,Upper middle income
SMR,51323.7972635865,0.401934896977224,5.93190858629403,,16.5828775318379,185.992794436005,154.990600576481,0.0150932486085713,35.7653533988989,56.8955526525288,97.1317310361655,85.706,97.33640289,,San Marino,Europe & Central Asia,High income
SOM,464.721069525567,4.17524257571303,,18.96,23.6083226866216,21.9383099105676,81.1826975725497,,,,54.0714435506882,58.816,26.12010002,0.0462780008186892,"Somalia, Fed. Rep.",Sub-Saharan Africa ,Low income
SRB,8208.4786891507,3.74793303561771,12.3719043552519,8.268,24.6160934874749,55.0746098125196,59.4174548307005,3.78653396097272,23.7759430141513,57.7862970567227,62.1434649229738,76.1414634146341,85.35746686,,Serbia,Europe & Central Asia,Upper middle income
STP,1380.60169416257,0.372252775001456,21.2589138473,9.032,,,,13.4785052658292,2.77409592691283,77.6368608044664,68.6043921103568,69.718,58.70130157,0.63065521438379,Sao Tome and Principe,Sub-Saharan Africa ,Lower middle income
SUR,7186.47308739957,2.41659223498058,51.5873159600861,7.699,,,,7.16164239184102,39.6663071788203,48.8318271145602,65.7562408447266,73.631,87.4,3.96892282544054,Suriname,Latin America & Caribbean ,Upper middle income
SVK,19383.3732009401,2.11263633214959,10.5319476645211,5.843,19.7276184665634,91.4935561325084,89.8973162239414,2.12570153523878,29.2081158245654,60.0252424547974,53.190805019646,78.119512195122,87.2131343,5.73978115774848,Slovak Republic,Europe & Central Asia,High income
SVN,25773.9015835069,2.3758326648385,7.44687717385838,3.652,22.510001872287,83.4382737313632,76.7213955695369,1.53197014432848,29.5848784281182,57.8684736464045,55.5378927789875,81.9292682926829,90.37794678,5.95087577654104,Slovenia,Europe & Central Asia,High income
SWE,53937.7967122429,-0.204061304891439,8.5486248974891,7.611,25.2626527566229,55.1958779701806,52.4238314737936,1.28228230721285,22.5872661861018,65.4646684204795,88.631216160938,83.309756097561,95.70327461,3.4800778844701,Sweden,Europe & Central Asia,High income
SWZ,3790.16576788091,3.53257662836211,,34.61,20.8277519082123,48.5010223337944,51.2235887477672,6.63100879033993,34.5064388032849,51.8939982654127,25.8081878500755,64.123,61.33330154,0.876387437363166,Eswatini,Sub-Saharan Africa ,Lower middle income
SYC,16242.4365925219,2.25925322283285,-1.03530088431952,,20.5743415497622,83.4083692100392,97.4188932916207,2.49645335614707,13.1590288680872,67.3232920627206,45.0971081321658,75.419512195122,86.001297,7.00909219941055,Seychelles,Sub-Saharan Africa ,High income
TCD,856.832488745342,3.98004368401293,10.8363568399843,1.059,19.3001907209327,29.121747948314,17.7733535611204,35.2160714364369,30.749163725071,30.3203225347429,26.3305395171046,55.069,12.03590012,0.150566300727613,Chad,Sub-Saharan Africa ,Low income
TGO,893.753030300995,6.19211576941919,5.48928568141131,1.942,,,,21.3050482413181,20.8440819907588,48.7706726912891,43.2496853032436,62.74,37.57020187,0.272055924027687,Togo,Sub-Saharan Africa ,Low income
THA,6408.41432577294,2.01775095328327,8.47805174421543,0.733,22.4605099910508,65.4445629404008,63.3795512119745,8.5627759867239,32.9804093286492,58.4568146846269,60.9341926574707,76.412,89.53525238,3.83577489383729,Thailand,East Asia & Pacific,Upper middle income
TJK,1407.1075436221,8.29999921651935,,7.037,31.6513056719952,17.1918374601415,48.4428635765939,22.8588621065173,33.6387708593471,34.7082666200741,26.1890127571429,71.79,54.41550064,0.897072214775281,Tajikistan,Europe & Central Asia,Lower middle income
TKM,7880.44528570939,6.30015758549871,,4.007,,21.6245210908525,12.4747527108732,11.291652725482,39.272199471256,49.436147803262,47.0678875054171,70.073,,12.8629910388274,Turkmenistan,Europe & Central Asia,Upper middle income
TLS,1279.21122757564,-18.135905003556,8.42035103310377,1.525,20.4884518790722,22.9230952988934,66.3815576168648,17.1798113250775,23.8680417124592,60.9992911764734,28.595471832952,67.689,,0.47995862126757,Timor-Leste,East Asia & Pacific,Lower middle income
TON,4680.29974543195,2.79014366862668,6.35112980255189,1.652,25.9304513697377,14.7440206946818,64.8798998077227,18.9589256874773,14.865250461644,49.9890087748987,21.147944541337,72.895,64.13140106,1.54688949013834,Tonga,East Asia & Pacific,Upper middle income
TTO,15922.7668349788,1.46645947294053,4.62930242419968,3.361,18.9857170569527,,,0.835855107201165,34.5053817954523,60.3331524538457,53.9536842104572,73.49,81.9681015,19.7069856893185,Trinidad and Tobago,Latin America & Caribbean ,High income
TUN,3967.33387634534,0.184015548469745,9.32899597507865,15.106,8.20796640437897,53.0393939110608,59.0894641022935,9.47367928951245,24.0937583898893,62.0931279377135,70.0266686486584,76.508,,2.55804077741188,Tunisia,"Middle East, North Africa, Afghanistan & Pakistan",Lower middle income
TUR,14932.8851363122,5.04512369812289,53.8594087593315,9.388,34.5882765114043,31.9135926809724,33.7696157928943,6.38984597795627,28.1932800305474,54.3519824455967,89.0218446796121,77.156,85.96074155,5.23215412799609,Turkiye,Europe & Central Asia,Upper middle income
TZA,1092.86413574219,5.06952353203394,3.79923291384916,1.565,41.0023887360591,17.1954298762755,21.0166049300635,23.6871473778631,28.0339433523146,28.6974346292653,35.4748019434954,66.995,28.43190002,0.323839316591473,Tanzania,Sub-Saharan Africa ,Lower middle income
UGA,955.745797275462,5.33697295511469,5.35094804280395,2.754,22.8160132458418,11.6017089255499,21.739987404672,24.0895746897278,25.7532114394482,42.5125306078843,30.6059359395495,68.252,9.286999702,0.166813953979235,Uganda,Sub-Saharan Africa ,Low income
UKR,2164.26123046875,5.53473354963334,12.8490222828559,,18.0705046393604,28.300468273727,49.2091459198387,7.55194546256383,19.0867598647608,61.211871946742,69.4754455027606,73.422,81.58059692,3.22518031774765,Ukraine,Europe & Central Asia,Upper middle income
URY,18378.9833563662,0.742128785315927,5.86910359896119,8.355,17.5353424867451,28.1403012343037,24.7706858321593,6.09100939846272,16.7520259965349,65.6523687606962,95.5439605712891,78.138,90.92590332,2.41753370123087,Uruguay,Latin America & Caribbean ,High income
USA,65186.5977244157,2.88755600749487,4.11633838374488,3.638,21.8792709647143,11.1844126402687,14.1059171480679,,,,80.071561119178,78.3853658536585,93.52559662,13.7119419860139,United States,North America,High income
UZB,3725.67414578619,6.29141635082311,9.95659071258018,4.434,34.6156267803286,24.4247464665459,41.6803978374881,20.1676495950561,31.0244117605751,43.9528453580868,50.9964841114568,72.388,89.01361047,3.72011269845735,Uzbekistan,Europe & Central Asia,Lower middle income
VCT,9051.35208011007,5.32636472098717,4.56457719814894,18.348,,,,4.20063280645518,14.7472919199735,66.3856112523488,47.7169922340041,71.23,75.53679657,1.25835200300031,St. Vincent and the Grenadines,Latin America & Caribbean ,Upper middle income
VEN,1430.74575249312,4.00168591128376,,5.407,5.32602340018542,18.0669268537087,10.0276808835044,,,,89.249627620225,72.514,76.33190155,3.40591488864612,"Venezuela, RB",Latin America & Caribbean ,Not classified
VNM,3775.46375555802,5.06502391455075,3.25289282667662,1.645,31.6465959765628,86.4674192371297,78.3506520327642,11.8616711588794,37.5815697548824,42.2942279625883,38.1298904418945,74.588,78.08,3.89354026267807,Viet Nam,East Asia & Pacific,Lower middle income
WSM,4688.4631403154,15.2336106467304,7.92164684826777,4.92,36.0680830328679,26.208578449107,54.6319340744895,9.85408517045162,10.0793155346634,70.7373740209545,17.5012799804602,71.698,,1.53833372564766,Samoa,East Asia & Pacific,Upper middle income
XKX,5102.74914613981,4.06762701436438,4.94432438791283,,33.9456293075627,39.64047566608,70.3113759118221,7.22045547613922,26.3457033566293,46.5646522317818,49.1105579101515,78.033,,,Kosovo,Europe & Central Asia,Upper middle income
ZAF,5756.55049453121,0.80610455095804,6.0752438457966,32.098,15.3913174995668,33.2538127556816,32.4260632183892,2.53517112309848,24.5639655120651,62.7205686343674,63.5823705163545,66.139,78.33670044,6.75922774879049,South Africa,Sub-Saharan Africa ,Upper middle income
ZMB,1330.85998216751,5.36794285493059,10.884531691282,5.861,31.4450686240954,40.8461239686718,37.3957630764767,2.23012034259343,35.107778069402,56.8167642432298,45.0285853521585,66.349,16.45070076,0.548090097623693,Zambia,Sub-Saharan Africa ,Lower middle income
ZWE,1418.47184628799,5.3508687909833,,9.348,10.0230432587302,17.1170760050918,23.1741851996024,11.4948694011417,33.2555519083931,49.5634542472646,39.2919370795795,62.775,38.67480087,0.76899436270709,Zimbabwe,Sub-Saharan Africa ,Lower middle income
